sourceId,sourceProductId,legacyUrl,sourceFile,sourcePageType,sourceType,displayedName,pageTitle,heading,detectedCategory,detectedCollection,imageReferenceCount,descriptionFound,specificationFound,sourceStatus,price,handle
SRC-0004,56750443,,../dsdiamond_backup/site/www.dsdiamond.com.tw/collections/diamond.html,HTML,window.c12t,裸鑽｜圓鑽,精選裸鑽 鑽之韻,,精選裸鑽,diamond,0,false,false,有效,5000.0,
SRC-0014,56750443,,../dsdiamond_backup/site/www.dsdiamond.com.tw/collections/diamond.html,HTML,productImpressions,裸鑽｜圓鑽,精選裸鑽 鑽之韻,,精選裸鑽,diamond,0,false,false,列表重複,5000.0,
SRC-0377,56750443,https://www.dsdiamond.com.tw/products/圓鑽,../dsdiamond_backup/site/www.dsdiamond.com.tw/index.html,HTML,products-json,裸鑽｜圓鑽,鑽之韻 Diamond Symphony,心金不渝｜Golden Vow,,,1,true,false,有效,5000,圓鑽
SRC-0426,56750443,https://www.dsdiamond.com.tw/products/圓鑽,../dsdiamond_backup/site/www.dsdiamond.com.tw/zh-TW/account/logout.html,HTML,products-json,裸鑽｜圓鑽,鑽之韻 Diamond Symphony,心金不渝｜Golden Vow,,,1,true,false,有效,5000,圓鑽
SRC-0455,56750443,https://www.dsdiamond.com.tw/products/圓鑽,../dsdiamond_backup/site/www.dsdiamond.com.tw/zh-TW/cart.html,HTML,products-json,裸鑽｜圓鑽,鑽之韻 Diamond Symphony,心金不渝｜Golden Vow,,,1,true,false,有效,5000,圓鑽
SRC-0460,56750443,,../dsdiamond_backup/site/www.dsdiamond.com.tw/zh-TW/collections/diamond.html,系列頁,window.c12t,裸鑽｜圓鑽,精選裸鑽 鑽之韻,,精選裸鑽,diamond,0,false,false,有效,5000.0,
SRC-0470,56750443,,../dsdiamond_backup/site/www.dsdiamond.com.tw/zh-TW/collections/diamond.html,系列頁,productImpressions,裸鑽｜圓鑽,精選裸鑽 鑽之韻,,精選裸鑽,diamond,0,false,false,列表重複,5000.0,
SRC-0645,56750443,https://www.dsdiamond.com.tw/products/圓鑽,../dsdiamond_backup/site/www.dsdiamond.com.tw/zh-TW.html,首頁產品卡片,products-json,裸鑽｜圓鑽,鑽之韻 Diamond Symphony,心金不渝｜Golden Vow,,,1,true,false,有效,5000,圓鑽
SRC-0206,57337016,,../dsdiamond_backup/site/www.dsdiamond.com.tw/collections/求婚.html,HTML,productImpressions,永恆心語｜Eternal Whisper,求婚戒指 鑽之韻,,求婚,求婚,0,false,false,列表重複,25000,
SRC-0614,57337016,,../dsdiamond_backup/site/www.dsdiamond.com.tw/zh-TW/collections/求婚.html,系列頁,productImpressions,永恆心語｜Eternal Whisper,求婚戒指 鑽之韻,,求婚,求婚,0,false,false,列表重複,25000,
SRC-0198,57337017,,../dsdiamond_backup/site/www.dsdiamond.com.tw/collections/求婚.html,HTML,productImpressions,星語之願｜Starlit Promise,求婚戒指 鑽之韻,,求婚,求婚,0,false,false,列表重複,49000,
SRC-0606,57337017,,../dsdiamond_backup/site/www.dsdiamond.com.tw/zh-TW/collections/求婚.html,系列頁,productImpressions,星語之願｜Starlit Promise,求婚戒指 鑽之韻,,求婚,求婚,0,false,false,列表重複,49000,
SRC-0108,57337018,,../dsdiamond_backup/site/www.dsdiamond.com.tw/collections/ring-female.html,HTML,productImpressions,日耀承諾｜Solar Vow,女士鑽戒 鑽之韻,,ring-female,ring-female,0,false,false,列表重複,56000,
SRC-0186,57337018,,../dsdiamond_backup/site/www.dsdiamond.com.tw/collections/求婚.html,HTML,window.c12t,日耀承諾｜Solar Vow,求婚戒指 鑽之韻,,求婚戒指,求婚,0,false,false,有效,56000.0,
SRC-0196,57337018,,../dsdiamond_backup/site/www.dsdiamond.com.tw/collections/求婚.html,HTML,productImpressions,日耀承諾｜Solar Vow,求婚戒指 鑽之韻,,求婚戒指,求婚,0,false,false,列表重複,56000.0,
SRC-0271,57337018,,../dsdiamond_backup/site/www.dsdiamond.com.tw/collections/經典女戒.html,HTML,productImpressions,日耀承諾｜Solar Vow,經典女戒 鑽之韻,,經典女戒,經典女戒,0,false,false,列表重複,56000,
SRC-0550,57337018,,../dsdiamond_backup/site/www.dsdiamond.com.tw/zh-TW/collections/ring-female.html,系列頁,productImpressions,日耀承諾｜Solar Vow,女士鑽戒 鑽之韻,,ring-female,ring-female,0,false,false,列表重複,56000,
SRC-0594,57337018,,../dsdiamond_backup/site/www.dsdiamond.com.tw/zh-TW/collections/求婚.html,系列頁,window.c12t,日耀承諾｜Solar Vow,求婚戒指 鑽之韻,,求婚戒指,求婚,0,false,false,有效,56000.0,
SRC-0604,57337018,,../dsdiamond_backup/site/www.dsdiamond.com.tw/zh-TW/collections/求婚.html,系列頁,productImpressions,日耀承諾｜Solar Vow,求婚戒指 鑽之韻,,求婚戒指,求婚,0,false,false,列表重複,56000.0,
SRC-0205,57337019,,../dsdiamond_backup/site/www.dsdiamond.com.tw/collections/求婚.html,HTML,productImpressions,極簡星芒｜Minimal Radiance,求婚戒指 鑽之韻,,求婚,求婚,0,false,false,列表重複,25000,
SRC-0613,57337019,,../dsdiamond_backup/site/www.dsdiamond.com.tw/zh-TW/collections/求婚.html,系列頁,productImpressions,極簡星芒｜Minimal Radiance,求婚戒指 鑽之韻,,求婚,求婚,0,false,false,列表重複,25000,
SRC-0096,57337020,,../dsdiamond_backup/site/www.dsdiamond.com.tw/collections/ring-female.html,HTML,productImpressions,凝光序曲｜Luminous Prelude,女士鑽戒 鑽之韻,,ring-female,ring-female,0,false,false,列表重複,27000,
SRC-0181,57337020,,../dsdiamond_backup/site/www.dsdiamond.com.tw/collections/求婚.html,HTML,window.c12t,凝光序曲｜Luminous Prelude,求婚戒指 鑽之韻,,求婚戒指,求婚,0,false,false,有效,27000.0,
SRC-0191,57337020,,../dsdiamond_backup/site/www.dsdiamond.com.tw/collections/求婚.html,HTML,productImpressions,凝光序曲｜Luminous Prelude,求婚戒指 鑽之韻,,求婚戒指,求婚,0,false,false,列表重複,27000.0,
SRC-0259,57337020,,../dsdiamond_backup/site/www.dsdiamond.com.tw/collections/經典女戒.html,HTML,productImpressions,凝光序曲｜Luminous Prelude,經典女戒 鑽之韻,,經典女戒,經典女戒,0,false,false,列表重複,27000,
SRC-0362,57337020,https://www.dsdiamond.com.tw/products/女戒05,../dsdiamond_backup/site/www.dsdiamond.com.tw/index.html,HTML,products-json,凝光序曲｜Luminous Prelude,鑽之韻 Diamond Symphony,心金不渝｜Golden Vow,,,4,false,false,有效,27000,女戒05
SRC-0411,57337020,https://www.dsdiamond.com.tw/products/女戒05,../dsdiamond_backup/site/www.dsdiamond.com.tw/zh-TW/account/logout.html,HTML,products-json,凝光序曲｜Luminous Prelude,鑽之韻 Diamond Symphony,心金不渝｜Golden Vow,,,4,false,false,有效,27000,女戒05
SRC-0440,57337020,https://www.dsdiamond.com.tw/products/女戒05,../dsdiamond_backup/site/www.dsdiamond.com.tw/zh-TW/cart.html,HTML,products-json,凝光序曲｜Luminous Prelude,鑽之韻 Diamond Symphony,心金不渝｜Golden Vow,,,4,false,false,有效,27000,女戒05
SRC-0538,57337020,,../dsdiamond_backup/site/www.dsdiamond.com.tw/zh-TW/collections/ring-female.html,系列頁,productImpressions,凝光序曲｜Luminous Prelude,女士鑽戒 鑽之韻,,ring-female,ring-female,0,false,false,列表重複,27000,
SRC-0589,57337020,,../dsdiamond_backup/site/www.dsdiamond.com.tw/zh-TW/collections/求婚.html,系列頁,window.c12t,凝光序曲｜Luminous Prelude,求婚戒指 鑽之韻,,求婚戒指,求婚,0,false,false,有效,27000.0,
SRC-0599,57337020,,../dsdiamond_backup/site/www.dsdiamond.com.tw/zh-TW/collections/求婚.html,系列頁,productImpressions,凝光序曲｜Luminous Prelude,求婚戒指 鑽之韻,,求婚戒指,求婚,0,false,false,列表重複,27000.0,
SRC-0630,57337020,https://www.dsdiamond.com.tw/products/女戒05,../dsdiamond_backup/site/www.dsdiamond.com.tw/zh-TW.html,首頁產品卡片,products-json,凝光序曲｜Luminous Prelude,鑽之韻 Diamond Symphony,心金不渝｜Golden Vow,,,4,false,false,有效,27000,女戒05
SRC-0199,57337021,,../dsdiamond_backup/site/www.dsdiamond.com.tw/collections/求婚.html,HTML,productImpressions,星語心願｜Stellar Promise,求婚戒指 鑽之韻,,求婚,求婚,0,false,false,列表重複,25000,
SRC-0607,57337021,,../dsdiamond_backup/site/www.dsdiamond.com.tw/zh-TW/collections/求婚.html,系列頁,productImpressions,星語心願｜Stellar Promise,求婚戒指 鑽之韻,,求婚,求婚,0,false,false,列表重複,25000,
SRC-0211,57337022,,../dsdiamond_backup/site/www.dsdiamond.com.tw/collections/求婚.html,HTML,productImpressions,秘語心印｜Hidden Whisper,求婚戒指 鑽之韻,,求婚,求婚,0,false,false,列表重複,25000,
SRC-0619,57337022,,../dsdiamond_backup/site/www.dsdiamond.com.tw/zh-TW/collections/求婚.html,系列頁,productImpressions,秘語心印｜Hidden Whisper,求婚戒指 鑽之韻,,求婚,求婚,0,false,false,列表重複,25000,
SRC-0107,57337023,,../dsdiamond_backup/site/www.dsdiamond.com.tw/collections/ring-female.html,HTML,productImpressions,戀戀星語｜Starlit Murmurs,女士鑽戒 鑽之韻,,ring-female,ring-female,0,false,false,列表重複,26000,
SRC-0185,57337023,,../dsdiamond_backup/site/www.dsdiamond.com.tw/collections/求婚.html,HTML,window.c12t,戀戀星語｜Starlit Murmurs,求婚戒指 鑽之韻,,求婚戒指,求婚,0,false,false,有效,26000.0,
SRC-0195,57337023,,../dsdiamond_backup/site/www.dsdiamond.com.tw/collections/求婚.html,HTML,productImpressions,戀戀星語｜Starlit Murmurs,求婚戒指 鑽之韻,,求婚戒指,求婚,0,false,false,列表重複,26000.0,
SRC-0270,57337023,,../dsdiamond_backup/site/www.dsdiamond.com.tw/collections/經典女戒.html,HTML,productImpressions,戀戀星語｜Starlit Murmurs,經典女戒 鑽之韻,,經典女戒,經典女戒,0,false,false,列表重複,26000,
SRC-0549,57337023,,../dsdiamond_backup/site/www.dsdiamond.com.tw/zh-TW/collections/ring-female.html,系列頁,productImpressions,戀戀星語｜Starlit Murmurs,女士鑽戒 鑽之韻,,ring-female,ring-female,0,false,false,列表重複,26000,
SRC-0593,57337023,,../dsdiamond_backup/site/www.dsdiamond.com.tw/zh-TW/collections/求婚.html,系列頁,window.c12t,戀戀星語｜Starlit Murmurs,求婚戒指 鑽之韻,,求婚戒指,求婚,0,false,false,有效,26000.0,
SRC-0603,57337023,,../dsdiamond_backup/site/www.dsdiamond.com.tw/zh-TW/collections/求婚.html,系列頁,productImpressions,戀戀星語｜Starlit Murmurs,求婚戒指 鑽之韻,,求婚戒指,求婚,0,false,false,列表重複,26000.0,
SRC-0104,57337024,,../dsdiamond_backup/site/www.dsdiamond.com.tw/collections/ring-female.html,HTML,productImpressions,心耀之環｜Brilliant Embrace,女士鑽戒 鑽之韻,,ring-female,ring-female,0,false,false,列表重複,25000,
SRC-0183,57337024,,../dsdiamond_backup/site/www.dsdiamond.com.tw/collections/求婚.html,HTML,window.c12t,心耀之環｜Brilliant Embrace,求婚戒指 鑽之韻,,求婚戒指,求婚,0,false,false,有效,25000.0,
SRC-0193,57337024,,../dsdiamond_backup/site/www.dsdiamond.com.tw/collections/求婚.html,HTML,productImpressions,心耀之環｜Brilliant Embrace,求婚戒指 鑽之韻,,求婚戒指,求婚,0,false,false,列表重複,25000.0,
SRC-0267,57337024,,../dsdiamond_backup/site/www.dsdiamond.com.tw/collections/經典女戒.html,HTML,productImpressions,心耀之環｜Brilliant Embrace,經典女戒 鑽之韻,,經典女戒,經典女戒,0,false,false,列表重複,25000,
SRC-0546,57337024,,../dsdiamond_backup/site/www.dsdiamond.com.tw/zh-TW/collections/ring-female.html,系列頁,productImpressions,心耀之環｜Brilliant Embrace,女士鑽戒 鑽之韻,,ring-female,ring-female,0,false,false,列表重複,25000,
SRC-0591,57337024,,../dsdiamond_backup/site/www.dsdiamond.com.tw/zh-TW/collections/求婚.html,系列頁,window.c12t,心耀之環｜Brilliant Embrace,求婚戒指 鑽之韻,,求婚戒指,求婚,0,false,false,有效,25000.0,
SRC-0601,57337024,,../dsdiamond_backup/site/www.dsdiamond.com.tw/zh-TW/collections/求婚.html,系列頁,productImpressions,心耀之環｜Brilliant Embrace,求婚戒指 鑽之韻,,求婚戒指,求婚,0,false,false,列表重複,25000.0,
SRC-0202,57337025,,../dsdiamond_backup/site/www.dsdiamond.com.tw/collections/求婚.html,HTML,productImpressions,晨曦心語｜Whisper of Dawn,求婚戒指 鑽之韻,,求婚,求婚,0,false,false,列表重複,25000,
SRC-0610,57337025,,../dsdiamond_backup/site/www.dsdiamond.com.tw/zh-TW/collections/求婚.html,系列頁,productImpressions,晨曦心語｜Whisper of Dawn,求婚戒指 鑽之韻,,求婚,求婚,0,false,false,列表重複,25000,
SRC-0210,57337026,,../dsdiamond_backup/site/www.dsdiamond.com.tw/collections/求婚.html,HTML,productImpressions,璀璨星語｜Sparkling Whisper,求婚戒指 鑽之韻,,求婚,求婚,0,false,false,列表重複,58000,
SRC-0618,57337026,,../dsdiamond_backup/site/www.dsdiamond.com.tw/zh-TW/collections/求婚.html,系列頁,productImpressions,璀璨星語｜Sparkling Whisper,求婚戒指 鑽之韻,,求婚,求婚,0,false,false,列表重複,58000,
SRC-0105,57337027,,../dsdiamond_backup/site/www.dsdiamond.com.tw/collections/ring-female.html,HTML,productImpressions,心鑽交織｜Eternal Entwine,女士鑽戒 鑽之韻,,ring-female,ring-female,0,false,false,列表重複,28000,
SRC-0184,57337027,,../dsdiamond_backup/site/www.dsdiamond.com.tw/collections/求婚.html,HTML,window.c12t,心鑽交織｜Eternal Entwine,求婚戒指 鑽之韻,,求婚戒指,求婚,0,false,false,有效,28000.0,
SRC-0194,57337027,,../dsdiamond_backup/site/www.dsdiamond.com.tw/collections/求婚.html,HTML,productImpressions,心鑽交織｜Eternal Entwine,求婚戒指 鑽之韻,,求婚戒指,求婚,0,false,false,列表重複,28000.0,
SRC-0268,57337027,,../dsdiamond_backup/site/www.dsdiamond.com.tw/collections/經典女戒.html,HTML,productImpressions,心鑽交織｜Eternal Entwine,經典女戒 鑽之韻,,經典女戒,經典女戒,0,false,false,列表重複,28000,
SRC-0547,57337027,,../dsdiamond_backup/site/www.dsdiamond.com.tw/zh-TW/collections/ring-female.html,系列頁,productImpressions,心鑽交織｜Eternal Entwine,女士鑽戒 鑽之韻,,ring-female,ring-female,0,false,false,列表重複,28000,
SRC-0592,57337027,,../dsdiamond_backup/site/www.dsdiamond.com.tw/zh-TW/collections/求婚.html,系列頁,window.c12t,心鑽交織｜Eternal Entwine,求婚戒指 鑽之韻,,求婚戒指,求婚,0,false,false,有效,28000.0,
SRC-0602,57337027,,../dsdiamond_backup/site/www.dsdiamond.com.tw/zh-TW/collections/求婚.html,系列頁,productImpressions,心鑽交織｜Eternal Entwine,求婚戒指 鑽之韻,,求婚戒指,求婚,0,false,false,列表重複,28000.0,
SRC-0187,57337028,,../dsdiamond_backup/site/www.dsdiamond.com.tw/collections/求婚.html,HTML,window.c12t,星芒之約｜Stellar Promise,求婚戒指 鑽之韻,,求婚戒指,求婚,0,false,false,有效,35000.0,
SRC-0197,57337028,,../dsdiamond_backup/site/www.dsdiamond.com.tw/collections/求婚.html,HTML,productImpressions,星芒之約｜Stellar Promise,求婚戒指 鑽之韻,,求婚戒指,求婚,0,false,false,列表重複,35000.0,
SRC-0595,57337028,,../dsdiamond_backup/site/www.dsdiamond.com.tw/zh-TW/collections/求婚.html,系列頁,window.c12t,星芒之約｜Stellar Promise,求婚戒指 鑽之韻,,求婚戒指,求婚,0,false,false,有效,35000.0,
SRC-0605,57337028,,../dsdiamond_backup/site/www.dsdiamond.com.tw/zh-TW/collections/求婚.html,系列頁,productImpressions,星芒之約｜Stellar Promise,求婚戒指 鑽之韻,,求婚戒指,求婚,0,false,false,列表重複,35000.0,
SRC-0077,57337029,,../dsdiamond_backup/site/www.dsdiamond.com.tw/collections/ring-female.html,HTML,window.c12t,三生之約｜Trilogy Vow,女士鑽戒 鑽之韻,,女士鑽戒,ring-female,0,false,false,有效,115000.0,
SRC-0087,57337029,,../dsdiamond_backup/site/www.dsdiamond.com.tw/collections/ring-female.html,HTML,productImpressions,三生之約｜Trilogy Vow,女士鑽戒 鑽之韻,,女士鑽戒,ring-female,0,false,false,列表重複,115000.0,
SRC-0240,57337029,,../dsdiamond_backup/site/www.dsdiamond.com.tw/collections/經典女戒.html,HTML,window.c12t,三生之約｜Trilogy Vow,經典女戒 鑽之韻,,經典女戒,經典女戒,0,false,false,有效,115000.0,
SRC-0250,57337029,,../dsdiamond_backup/site/www.dsdiamond.com.tw/collections/經典女戒.html,HTML,productImpressions,三生之約｜Trilogy Vow,經典女戒 鑽之韻,,經典女戒,經典女戒,0,false,false,列表重複,115000.0,
SRC-0353,57337029,https://www.dsdiamond.com.tw/products/女戒14,../dsdiamond_backup/site/www.dsdiamond.com.tw/index.html,HTML,products-json,三生之約｜Trilogy Vow,鑽之韻 Diamond Symphony,心金不渝｜Golden Vow,,,4,false,false,有效,115000,女戒14
SRC-0402,57337029,https://www.dsdiamond.com.tw/products/女戒14,../dsdiamond_backup/site/www.dsdiamond.com.tw/zh-TW/account/logout.html,HTML,products-json,三生之約｜Trilogy Vow,鑽之韻 Diamond Symphony,心金不渝｜Golden Vow,,,4,false,false,有效,115000,女戒14
SRC-0431,57337029,https://www.dsdiamond.com.tw/products/女戒14,../dsdiamond_backup/site/www.dsdiamond.com.tw/zh-TW/cart.html,HTML,products-json,三生之約｜Trilogy Vow,鑽之韻 Diamond Symphony,心金不渝｜Golden Vow,,,4,false,false,有效,115000,女戒14
SRC-0519,57337029,,../dsdiamond_backup/site/www.dsdiamond.com.tw/zh-TW/collections/ring-female.html,系列頁,window.c12t,三生之約｜Trilogy Vow,女士鑽戒 鑽之韻,,女士鑽戒,ring-female,0,false,false,有效,115000.0,
SRC-0529,57337029,,../dsdiamond_backup/site/www.dsdiamond.com.tw/zh-TW/collections/ring-female.html,系列頁,productImpressions,三生之約｜Trilogy Vow,女士鑽戒 鑽之韻,,女士鑽戒,ring-female,0,false,false,列表重複,115000.0,
SRC-0621,57337029,https://www.dsdiamond.com.tw/products/女戒14,../dsdiamond_backup/site/www.dsdiamond.com.tw/zh-TW.html,首頁產品卡片,products-json,三生之約｜Trilogy Vow,鑽之韻 Diamond Symphony,心金不渝｜Golden Vow,,,4,false,false,有效,115000,女戒14
SRC-0200,57337031,,../dsdiamond_backup/site/www.dsdiamond.com.tw/collections/求婚.html,HTML,productImpressions,星語誓約｜Celestial Vow,求婚戒指 鑽之韻,,求婚,求婚,0,false,false,列表重複,58000,
SRC-0608,57337031,,../dsdiamond_backup/site/www.dsdiamond.com.tw/zh-TW/collections/求婚.html,系列頁,productImpressions,星語誓約｜Celestial Vow,求婚戒指 鑽之韻,,求婚,求婚,0,false,false,列表重複,58000,
SRC-0207,57337032,,../dsdiamond_backup/site/www.dsdiamond.com.tw/collections/求婚.html,HTML,productImpressions,流光心語｜Gleaming Vow,求婚戒指 鑽之韻,,求婚,求婚,0,false,false,列表重複,58000,
SRC-0615,57337032,,../dsdiamond_backup/site/www.dsdiamond.com.tw/zh-TW/collections/求婚.html,系列頁,productImpressions,流光心語｜Gleaming Vow,求婚戒指 鑽之韻,,求婚,求婚,0,false,false,列表重複,58000,
SRC-0109,57337033,,../dsdiamond_backup/site/www.dsdiamond.com.tw/collections/ring-female.html,HTML,productImpressions,星影之語｜Starlit Promise,女士鑽戒 鑽之韻,,ring-female,ring-female,0,false,false,列表重複,105000,
SRC-0272,57337033,,../dsdiamond_backup/site/www.dsdiamond.com.tw/collections/經典女戒.html,HTML,productImpressions,星影之語｜Starlit Promise,經典女戒 鑽之韻,,經典女戒,經典女戒,0,false,false,列表重複,105000,
SRC-0551,57337033,,../dsdiamond_backup/site/www.dsdiamond.com.tw/zh-TW/collections/ring-female.html,系列頁,productImpressions,星影之語｜Starlit Promise,女士鑽戒 鑽之韻,,ring-female,ring-female,0,false,false,列表重複,105000,
SRC-0098,57337034,,../dsdiamond_backup/site/www.dsdiamond.com.tw/collections/ring-female.html,HTML,productImpressions,半壁江山｜Destined Dominion,女士鑽戒 鑽之韻,,ring-female,ring-female,0,false,false,列表重複,105000,
SRC-0261,57337034,,../dsdiamond_backup/site/www.dsdiamond.com.tw/collections/經典女戒.html,HTML,productImpressions,半壁江山｜Destined Dominion,經典女戒 鑽之韻,,經典女戒,經典女戒,0,false,false,列表重複,105000,
SRC-0540,57337034,,../dsdiamond_backup/site/www.dsdiamond.com.tw/zh-TW/collections/ring-female.html,系列頁,productImpressions,半壁江山｜Destined Dominion,女士鑽戒 鑽之韻,,ring-female,ring-female,0,false,false,列表重複,105000,
SRC-0082,57337037,,../dsdiamond_backup/site/www.dsdiamond.com.tw/collections/ring-female.html,HTML,window.c12t,光芒綻放｜Radiant Bloom,女士鑽戒 鑽之韻,,女士鑽戒,ring-female,0,false,false,有效,105000.0,
SRC-0092,57337037,,../dsdiamond_backup/site/www.dsdiamond.com.tw/collections/ring-female.html,HTML,productImpressions,光芒綻放｜Radiant Bloom,女士鑽戒 鑽之韻,,女士鑽戒,ring-female,0,false,false,列表重複,105000.0,
SRC-0245,57337037,,../dsdiamond_backup/site/www.dsdiamond.com.tw/collections/經典女戒.html,HTML,window.c12t,光芒綻放｜Radiant Bloom,經典女戒 鑽之韻,,經典女戒,經典女戒,0,false,false,有效,105000.0,
SRC-0255,57337037,,../dsdiamond_backup/site/www.dsdiamond.com.tw/collections/經典女戒.html,HTML,productImpressions,光芒綻放｜Radiant Bloom,經典女戒 鑽之韻,,經典女戒,經典女戒,0,false,false,列表重複,105000.0,
SRC-0358,57337037,https://www.dsdiamond.com.tw/products/女戒21,../dsdiamond_backup/site/www.dsdiamond.com.tw/index.html,HTML,products-json,光芒綻放｜Radiant Bloom,鑽之韻 Diamond Symphony,心金不渝｜Golden Vow,,,4,false,false,有效,105000,女戒21
SRC-0407,57337037,https://www.dsdiamond.com.tw/products/女戒21,../dsdiamond_backup/site/www.dsdiamond.com.tw/zh-TW/account/logout.html,HTML,products-json,光芒綻放｜Radiant Bloom,鑽之韻 Diamond Symphony,心金不渝｜Golden Vow,,,4,false,false,有效,105000,女戒21
SRC-0436,57337037,https://www.dsdiamond.com.tw/products/女戒21,../dsdiamond_backup/site/www.dsdiamond.com.tw/zh-TW/cart.html,HTML,products-json,光芒綻放｜Radiant Bloom,鑽之韻 Diamond Symphony,心金不渝｜Golden Vow,,,4,false,false,有效,105000,女戒21
SRC-0524,57337037,,../dsdiamond_backup/site/www.dsdiamond.com.tw/zh-TW/collections/ring-female.html,系列頁,window.c12t,光芒綻放｜Radiant Bloom,女士鑽戒 鑽之韻,,女士鑽戒,ring-female,0,false,false,有效,105000.0,
SRC-0534,57337037,,../dsdiamond_backup/site/www.dsdiamond.com.tw/zh-TW/collections/ring-female.html,系列頁,productImpressions,光芒綻放｜Radiant Bloom,女士鑽戒 鑽之韻,,女士鑽戒,ring-female,0,false,false,列表重複,105000.0,
SRC-0626,57337037,https://www.dsdiamond.com.tw/products/女戒21,../dsdiamond_backup/site/www.dsdiamond.com.tw/zh-TW.html,首頁產品卡片,products-json,光芒綻放｜Radiant Bloom,鑽之韻 Diamond Symphony,心金不渝｜Golden Vow,,,4,false,false,有效,105000,女戒21
SRC-0080,57337039,,../dsdiamond_backup/site/www.dsdiamond.com.tw/collections/ring-female.html,HTML,window.c12t,交織之緣｜Entwined Destiny,女士鑽戒 鑽之韻,,女士鑽戒,ring-female,0,false,false,有效,28000.0,
SRC-0090,57337039,,../dsdiamond_backup/site/www.dsdiamond.com.tw/collections/ring-female.html,HTML,productImpressions,交織之緣｜Entwined Destiny,女士鑽戒 鑽之韻,,女士鑽戒,ring-female,0,false,false,列表重複,28000.0,
SRC-0179,57337039,,../dsdiamond_backup/site/www.dsdiamond.com.tw/collections/求婚.html,HTML,window.c12t,交織之緣｜Entwined Destiny,求婚戒指 鑽之韻,,求婚戒指,求婚,0,false,false,有效,28000.0,
SRC-0189,57337039,,../dsdiamond_backup/site/www.dsdiamond.com.tw/collections/求婚.html,HTML,productImpressions,交織之緣｜Entwined Destiny,求婚戒指 鑽之韻,,求婚戒指,求婚,0,false,false,列表重複,28000.0,
SRC-0243,57337039,,../dsdiamond_backup/site/www.dsdiamond.com.tw/collections/經典女戒.html,HTML,window.c12t,交織之緣｜Entwined Destiny,經典女戒 鑽之韻,,經典女戒,經典女戒,0,false,false,有效,28000.0,
SRC-0253,57337039,,../dsdiamond_backup/site/www.dsdiamond.com.tw/collections/經典女戒.html,HTML,productImpressions,交織之緣｜Entwined Destiny,經典女戒 鑽之韻,,經典女戒,經典女戒,0,false,false,列表重複,28000.0,
SRC-0356,57337039,https://www.dsdiamond.com.tw/products/女戒23,../dsdiamond_backup/site/www.dsdiamond.com.tw/index.html,HTML,products-json,交織之緣｜Entwined Destiny,鑽之韻 Diamond Symphony,心金不渝｜Golden Vow,,,4,false,false,有效,28000,女戒23
SRC-0405,57337039,https://www.dsdiamond.com.tw/products/女戒23,../dsdiamond_backup/site/www.dsdiamond.com.tw/zh-TW/account/logout.html,HTML,products-json,交織之緣｜Entwined Destiny,鑽之韻 Diamond Symphony,心金不渝｜Golden Vow,,,4,false,false,有效,28000,女戒23
SRC-0434,57337039,https://www.dsdiamond.com.tw/products/女戒23,../dsdiamond_backup/site/www.dsdiamond.com.tw/zh-TW/cart.html,HTML,products-json,交織之緣｜Entwined Destiny,鑽之韻 Diamond Symphony,心金不渝｜Golden Vow,,,4,false,false,有效,28000,女戒23
SRC-0522,57337039,,../dsdiamond_backup/site/www.dsdiamond.com.tw/zh-TW/collections/ring-female.html,系列頁,window.c12t,交織之緣｜Entwined Destiny,女士鑽戒 鑽之韻,,女士鑽戒,ring-female,0,false,false,有效,28000.0,
SRC-0532,57337039,,../dsdiamond_backup/site/www.dsdiamond.com.tw/zh-TW/collections/ring-female.html,系列頁,productImpressions,交織之緣｜Entwined Destiny,女士鑽戒 鑽之韻,,女士鑽戒,ring-female,0,false,false,列表重複,28000.0,
SRC-0587,57337039,,../dsdiamond_backup/site/www.dsdiamond.com.tw/zh-TW/collections/求婚.html,系列頁,window.c12t,交織之緣｜Entwined Destiny,求婚戒指 鑽之韻,,求婚戒指,求婚,0,false,false,有效,28000.0,
SRC-0597,57337039,,../dsdiamond_backup/site/www.dsdiamond.com.tw/zh-TW/collections/求婚.html,系列頁,productImpressions,交織之緣｜Entwined Destiny,求婚戒指 鑽之韻,,求婚戒指,求婚,0,false,false,列表重複,28000.0,
SRC-0624,57337039,https://www.dsdiamond.com.tw/products/女戒23,../dsdiamond_backup/site/www.dsdiamond.com.tw/zh-TW.html,首頁產品卡片,products-json,交織之緣｜Entwined Destiny,鑽之韻 Diamond Symphony,心金不渝｜Golden Vow,,,4,false,false,有效,28000,女戒23
SRC-0079,57337040,,../dsdiamond_backup/site/www.dsdiamond.com.tw/collections/ring-female.html,HTML,window.c12t,交織之約｜Entwined Promise,女士鑽戒 鑽之韻,,女士鑽戒,ring-female,0,false,false,有效,58000.0,
SRC-0089,57337040,,../dsdiamond_backup/site/www.dsdiamond.com.tw/collections/ring-female.html,HTML,productImpressions,交織之約｜Entwined Promise,女士鑽戒 鑽之韻,,女士鑽戒,ring-female,0,false,false,列表重複,58000.0,
SRC-0178,57337040,,../dsdiamond_backup/site/www.dsdiamond.com.tw/collections/求婚.html,HTML,window.c12t,交織之約｜Entwined Promise,求婚戒指 鑽之韻,,求婚戒指,求婚,0,false,false,有效,58000.0,
SRC-0188,57337040,,../dsdiamond_backup/site/www.dsdiamond.com.tw/collections/求婚.html,HTML,productImpressions,交織之約｜Entwined Promise,求婚戒指 鑽之韻,,求婚戒指,求婚,0,false,false,列表重複,58000.0,
SRC-0242,57337040,,../dsdiamond_backup/site/www.dsdiamond.com.tw/collections/經典女戒.html,HTML,window.c12t,交織之約｜Entwined Promise,經典女戒 鑽之韻,,經典女戒,經典女戒,0,false,false,有效,58000.0,
SRC-0252,57337040,,../dsdiamond_backup/site/www.dsdiamond.com.tw/collections/經典女戒.html,HTML,productImpressions,交織之約｜Entwined Promise,經典女戒 鑽之韻,,經典女戒,經典女戒,0,false,false,列表重複,58000.0,
SRC-0355,57337040,https://www.dsdiamond.com.tw/products/女戒24,../dsdiamond_backup/site/www.dsdiamond.com.tw/index.html,HTML,products-json,交織之約｜Entwined Promise,鑽之韻 Diamond Symphony,心金不渝｜Golden Vow,,,4,false,false,有效,58000,女戒24
SRC-0404,57337040,https://www.dsdiamond.com.tw/products/女戒24,../dsdiamond_backup/site/www.dsdiamond.com.tw/zh-TW/account/logout.html,HTML,products-json,交織之約｜Entwined Promise,鑽之韻 Diamond Symphony,心金不渝｜Golden Vow,,,4,false,false,有效,58000,女戒24
SRC-0433,57337040,https://www.dsdiamond.com.tw/products/女戒24,../dsdiamond_backup/site/www.dsdiamond.com.tw/zh-TW/cart.html,HTML,products-json,交織之約｜Entwined Promise,鑽之韻 Diamond Symphony,心金不渝｜Golden Vow,,,4,false,false,有效,58000,女戒24
SRC-0521,57337040,,../dsdiamond_backup/site/www.dsdiamond.com.tw/zh-TW/collections/ring-female.html,系列頁,window.c12t,交織之約｜Entwined Promise,女士鑽戒 鑽之韻,,女士鑽戒,ring-female,0,false,false,有效,58000.0,
SRC-0531,57337040,,../dsdiamond_backup/site/www.dsdiamond.com.tw/zh-TW/collections/ring-female.html,系列頁,productImpressions,交織之約｜Entwined Promise,女士鑽戒 鑽之韻,,女士鑽戒,ring-female,0,false,false,列表重複,58000.0,
SRC-0586,57337040,,../dsdiamond_backup/site/www.dsdiamond.com.tw/zh-TW/collections/求婚.html,系列頁,window.c12t,交織之約｜Entwined Promise,求婚戒指 鑽之韻,,求婚戒指,求婚,0,false,false,有效,58000.0,
SRC-0596,57337040,,../dsdiamond_backup/site/www.dsdiamond.com.tw/zh-TW/collections/求婚.html,系列頁,productImpressions,交織之約｜Entwined Promise,求婚戒指 鑽之韻,,求婚戒指,求婚,0,false,false,列表重複,58000.0,
SRC-0623,57337040,https://www.dsdiamond.com.tw/products/女戒24,../dsdiamond_backup/site/www.dsdiamond.com.tw/zh-TW.html,首頁產品卡片,products-json,交織之約｜Entwined Promise,鑽之韻 Diamond Symphony,心金不渝｜Golden Vow,,,4,false,false,有效,58000,女戒24
SRC-0101,57337041,,../dsdiamond_backup/site/www.dsdiamond.com.tw/collections/ring-female.html,HTML,productImpressions,帝后之鑽｜Majestic Regalia,女士鑽戒 鑽之韻,,ring-female,ring-female,0,false,false,列表重複,125000,
SRC-0264,57337041,,../dsdiamond_backup/site/www.dsdiamond.com.tw/collections/經典女戒.html,HTML,productImpressions,帝后之鑽｜Majestic Regalia,經典女戒 鑽之韻,,經典女戒,經典女戒,0,false,false,列表重複,125000,
SRC-0543,57337041,,../dsdiamond_backup/site/www.dsdiamond.com.tw/zh-TW/collections/ring-female.html,系列頁,productImpressions,帝后之鑽｜Majestic Regalia,女士鑽戒 鑽之韻,,ring-female,ring-female,0,false,false,列表重複,125000,
SRC-0081,57337043,,../dsdiamond_backup/site/www.dsdiamond.com.tw/collections/ring-female.html,HTML,window.c12t,光曜之境｜Luminous Realm,女士鑽戒 鑽之韻,,女士鑽戒,ring-female,0,false,false,有效,58000.0,
SRC-0091,57337043,,../dsdiamond_backup/site/www.dsdiamond.com.tw/collections/ring-female.html,HTML,productImpressions,光曜之境｜Luminous Realm,女士鑽戒 鑽之韻,,女士鑽戒,ring-female,0,false,false,列表重複,58000.0,
SRC-0244,57337043,,../dsdiamond_backup/site/www.dsdiamond.com.tw/collections/經典女戒.html,HTML,window.c12t,光曜之境｜Luminous Realm,經典女戒 鑽之韻,,經典女戒,經典女戒,0,false,false,有效,58000.0,
SRC-0254,57337043,,../dsdiamond_backup/site/www.dsdiamond.com.tw/collections/經典女戒.html,HTML,productImpressions,光曜之境｜Luminous Realm,經典女戒 鑽之韻,,經典女戒,經典女戒,0,false,false,列表重複,58000.0,
SRC-0357,57337043,https://www.dsdiamond.com.tw/products/女戒27,../dsdiamond_backup/site/www.dsdiamond.com.tw/index.html,HTML,products-json,光曜之境｜Luminous Realm,鑽之韻 Diamond Symphony,心金不渝｜Golden Vow,,,4,false,false,有效,58000,女戒27
SRC-0406,57337043,https://www.dsdiamond.com.tw/products/女戒27,../dsdiamond_backup/site/www.dsdiamond.com.tw/zh-TW/account/logout.html,HTML,products-json,光曜之境｜Luminous Realm,鑽之韻 Diamond Symphony,心金不渝｜Golden Vow,,,4,false,false,有效,58000,女戒27
SRC-0435,57337043,https://www.dsdiamond.com.tw/products/女戒27,../dsdiamond_backup/site/www.dsdiamond.com.tw/zh-TW/cart.html,HTML,products-json,光曜之境｜Luminous Realm,鑽之韻 Diamond Symphony,心金不渝｜Golden Vow,,,4,false,false,有效,58000,女戒27
SRC-0523,57337043,,../dsdiamond_backup/site/www.dsdiamond.com.tw/zh-TW/collections/ring-female.html,系列頁,window.c12t,光曜之境｜Luminous Realm,女士鑽戒 鑽之韻,,女士鑽戒,ring-female,0,false,false,有效,58000.0,
SRC-0533,57337043,,../dsdiamond_backup/site/www.dsdiamond.com.tw/zh-TW/collections/ring-female.html,系列頁,productImpressions,光曜之境｜Luminous Realm,女士鑽戒 鑽之韻,,女士鑽戒,ring-female,0,false,false,列表重複,58000.0,
SRC-0625,57337043,https://www.dsdiamond.com.tw/products/女戒27,../dsdiamond_backup/site/www.dsdiamond.com.tw/zh-TW.html,首頁產品卡片,products-json,光曜之境｜Luminous Realm,鑽之韻 Diamond Symphony,心金不渝｜Golden Vow,,,4,false,false,有效,58000,女戒27
SRC-0084,57337045,,../dsdiamond_backup/site/www.dsdiamond.com.tw/collections/ring-female.html,HTML,window.c12t,冰心湛藍｜Crystal Blue Heart,女士鑽戒 鑽之韻,,女士鑽戒,ring-female,0,false,false,有效,35000.0,
SRC-0094,57337045,,../dsdiamond_backup/site/www.dsdiamond.com.tw/collections/ring-female.html,HTML,productImpressions,冰心湛藍｜Crystal Blue Heart,女士鑽戒 鑽之韻,,女士鑽戒,ring-female,0,false,false,列表重複,35000.0,
SRC-0180,57337045,,../dsdiamond_backup/site/www.dsdiamond.com.tw/collections/求婚.html,HTML,window.c12t,冰心湛藍｜Crystal Blue Heart,求婚戒指 鑽之韻,,求婚戒指,求婚,0,false,false,有效,35000.0,
SRC-0190,57337045,,../dsdiamond_backup/site/www.dsdiamond.com.tw/collections/求婚.html,HTML,productImpressions,冰心湛藍｜Crystal Blue Heart,求婚戒指 鑽之韻,,求婚戒指,求婚,0,false,false,列表重複,35000.0,
SRC-0247,57337045,,../dsdiamond_backup/site/www.dsdiamond.com.tw/collections/經典女戒.html,HTML,window.c12t,冰心湛藍｜Crystal Blue Heart,經典女戒 鑽之韻,,經典女戒,經典女戒,0,false,false,有效,35000.0,
SRC-0257,57337045,,../dsdiamond_backup/site/www.dsdiamond.com.tw/collections/經典女戒.html,HTML,productImpressions,冰心湛藍｜Crystal Blue Heart,經典女戒 鑽之韻,,經典女戒,經典女戒,0,false,false,列表重複,35000.0,
SRC-0360,57337045,https://www.dsdiamond.com.tw/products/女戒29,../dsdiamond_backup/site/www.dsdiamond.com.tw/index.html,HTML,products-json,冰心湛藍｜Crystal Blue Heart,鑽之韻 Diamond Symphony,心金不渝｜Golden Vow,,,4,true,false,有效,35000,女戒29
SRC-0409,57337045,https://www.dsdiamond.com.tw/products/女戒29,../dsdiamond_backup/site/www.dsdiamond.com.tw/zh-TW/account/logout.html,HTML,products-json,冰心湛藍｜Crystal Blue Heart,鑽之韻 Diamond Symphony,心金不渝｜Golden Vow,,,4,true,false,有效,35000,女戒29
SRC-0438,57337045,https://www.dsdiamond.com.tw/products/女戒29,../dsdiamond_backup/site/www.dsdiamond.com.tw/zh-TW/cart.html,HTML,products-json,冰心湛藍｜Crystal Blue Heart,鑽之韻 Diamond Symphony,心金不渝｜Golden Vow,,,4,true,false,有效,35000,女戒29
SRC-0526,57337045,,../dsdiamond_backup/site/www.dsdiamond.com.tw/zh-TW/collections/ring-female.html,系列頁,window.c12t,冰心湛藍｜Crystal Blue Heart,女士鑽戒 鑽之韻,,女士鑽戒,ring-female,0,false,false,有效,35000.0,
SRC-0536,57337045,,../dsdiamond_backup/site/www.dsdiamond.com.tw/zh-TW/collections/ring-female.html,系列頁,productImpressions,冰心湛藍｜Crystal Blue Heart,女士鑽戒 鑽之韻,,女士鑽戒,ring-female,0,false,false,列表重複,35000.0,
SRC-0588,57337045,,../dsdiamond_backup/site/www.dsdiamond.com.tw/zh-TW/collections/求婚.html,系列頁,window.c12t,冰心湛藍｜Crystal Blue Heart,求婚戒指 鑽之韻,,求婚戒指,求婚,0,false,false,有效,35000.0,
SRC-0598,57337045,,../dsdiamond_backup/site/www.dsdiamond.com.tw/zh-TW/collections/求婚.html,系列頁,productImpressions,冰心湛藍｜Crystal Blue Heart,求婚戒指 鑽之韻,,求婚戒指,求婚,0,false,false,列表重複,35000.0,
SRC-0628,57337045,https://www.dsdiamond.com.tw/products/女戒29,../dsdiamond_backup/site/www.dsdiamond.com.tw/zh-TW.html,首頁產品卡片,products-json,冰心湛藍｜Crystal Blue Heart,鑽之韻 Diamond Symphony,心金不渝｜Golden Vow,,,4,true,false,有效,35000,女戒29
SRC-0103,57337046,,../dsdiamond_backup/site/www.dsdiamond.com.tw/collections/ring-female.html,HTML,productImpressions,心映愛語｜Pink Whisper,女士鑽戒 鑽之韻,,ring-female,ring-female,0,false,false,列表重複,68000,
SRC-0148,57337046,,../dsdiamond_backup/site/www.dsdiamond.com.tw/collections/彩色鑽石專區.html,HTML,window.c12t,心映愛語｜Pink Whisper,彩色鑽石專區 鑽之韻,,彩色鑽石專區,彩色鑽石專區,0,false,false,有效,68000.0,
SRC-0158,57337046,,../dsdiamond_backup/site/www.dsdiamond.com.tw/collections/彩色鑽石專區.html,HTML,productImpressions,心映愛語｜Pink Whisper,彩色鑽石專區 鑽之韻,,彩色鑽石專區,彩色鑽石專區,0,false,false,列表重複,68000.0,
SRC-0182,57337046,,../dsdiamond_backup/site/www.dsdiamond.com.tw/collections/求婚.html,HTML,window.c12t,心映愛語｜Pink Whisper,求婚戒指 鑽之韻,,求婚戒指,求婚,0,false,false,有效,68000.0,
SRC-0192,57337046,,../dsdiamond_backup/site/www.dsdiamond.com.tw/collections/求婚.html,HTML,productImpressions,心映愛語｜Pink Whisper,求婚戒指 鑽之韻,,求婚戒指,求婚,0,false,false,列表重複,68000.0,
SRC-0215,57337046,,../dsdiamond_backup/site/www.dsdiamond.com.tw/collections/粉鑽.html,HTML,window.c12t,心映愛語｜Pink Whisper,粉鑽 鑽之韻,,粉鑽,粉鑽,0,false,false,有效,68000.0,
SRC-0225,57337046,,../dsdiamond_backup/site/www.dsdiamond.com.tw/collections/粉鑽.html,HTML,productImpressions,心映愛語｜Pink Whisper,粉鑽 鑽之韻,,粉鑽,粉鑽,0,false,false,列表重複,68000.0,
SRC-0266,57337046,,../dsdiamond_backup/site/www.dsdiamond.com.tw/collections/經典女戒.html,HTML,productImpressions,心映愛語｜Pink Whisper,經典女戒 鑽之韻,,經典女戒,經典女戒,0,false,false,列表重複,68000,
SRC-0545,57337046,,../dsdiamond_backup/site/www.dsdiamond.com.tw/zh-TW/collections/ring-female.html,系列頁,productImpressions,心映愛語｜Pink Whisper,女士鑽戒 鑽之韻,,ring-female,ring-female,0,false,false,列表重複,68000,
SRC-0590,57337046,,../dsdiamond_backup/site/www.dsdiamond.com.tw/zh-TW/collections/求婚.html,系列頁,window.c12t,心映愛語｜Pink Whisper,求婚戒指 鑽之韻,,求婚戒指,求婚,0,false,false,有效,68000.0,
SRC-0600,57337046,,../dsdiamond_backup/site/www.dsdiamond.com.tw/zh-TW/collections/求婚.html,系列頁,productImpressions,心映愛語｜Pink Whisper,求婚戒指 鑽之韻,,求婚戒指,求婚,0,false,false,列表重複,68000.0,
SRC-0174,57337047,,../dsdiamond_backup/site/www.dsdiamond.com.tw/collections/彩色鑽石專區.html,HTML,productImpressions,藍戀花冠｜Blue Crown of Love,彩色鑽石專區 鑽之韻,,彩色鑽石專區,彩色鑽石專區,0,false,false,列表重複,79500,
SRC-0304,57337047,,../dsdiamond_backup/site/www.dsdiamond.com.tw/collections/藍鑽.html,HTML,window.c12t,藍戀花冠｜Blue Crown of Love,藍鑽 鑽之韻,,藍鑽,藍鑽,0,false,false,有效,79500.0,
SRC-0309,57337047,,../dsdiamond_backup/site/www.dsdiamond.com.tw/collections/藍鑽.html,HTML,productImpressions,藍戀花冠｜Blue Crown of Love,藍鑽 鑽之韻,,藍鑽,藍鑽,0,false,false,列表重複,79500.0,
SRC-0170,57337048,,../dsdiamond_backup/site/www.dsdiamond.com.tw/collections/彩色鑽石專區.html,HTML,productImpressions,粉愛花冠｜Pink Crown of Love,彩色鑽石專區 鑽之韻,,彩色鑽石專區,彩色鑽石專區,0,false,false,列表重複,99500,
SRC-0219,57337048,,../dsdiamond_backup/site/www.dsdiamond.com.tw/collections/粉鑽.html,HTML,window.c12t,粉愛花冠｜Pink Crown of Love,粉鑽 鑽之韻,,粉鑽,粉鑽,0,false,false,有效,99500.0,
SRC-0229,57337048,,../dsdiamond_backup/site/www.dsdiamond.com.tw/collections/粉鑽.html,HTML,productImpressions,粉愛花冠｜Pink Crown of Love,粉鑽 鑽之韻,,粉鑽,粉鑽,0,false,false,列表重複,99500.0,
SRC-0100,57337049,,../dsdiamond_backup/site/www.dsdiamond.com.tw/collections/ring-female.html,HTML,productImpressions,夢境花綻｜Blossom Reverie,女士鑽戒 鑽之韻,,ring-female,ring-female,0,false,false,列表重複,79500,
SRC-0145,57337049,,../dsdiamond_backup/site/www.dsdiamond.com.tw/collections/彩色鑽石專區.html,HTML,window.c12t,夢境花綻｜Blossom Reverie,彩色鑽石專區 鑽之韻,,彩色鑽石專區,彩色鑽石專區,0,false,false,有效,79500.0,
SRC-0155,57337049,,../dsdiamond_backup/site/www.dsdiamond.com.tw/collections/彩色鑽石專區.html,HTML,productImpressions,夢境花綻｜Blossom Reverie,彩色鑽石專區 鑽之韻,,彩色鑽石專區,彩色鑽石專區,0,false,false,列表重複,79500.0,
SRC-0213,57337049,,../dsdiamond_backup/site/www.dsdiamond.com.tw/collections/粉鑽.html,HTML,window.c12t,夢境花綻｜Blossom Reverie,粉鑽 鑽之韻,,粉鑽,粉鑽,0,false,false,有效,79500.0,
SRC-0223,57337049,,../dsdiamond_backup/site/www.dsdiamond.com.tw/collections/粉鑽.html,HTML,productImpressions,夢境花綻｜Blossom Reverie,粉鑽 鑽之韻,,粉鑽,粉鑽,0,false,false,列表重複,79500.0,
SRC-0263,57337049,,../dsdiamond_backup/site/www.dsdiamond.com.tw/collections/經典女戒.html,HTML,productImpressions,夢境花綻｜Blossom Reverie,經典女戒 鑽之韻,,經典女戒,經典女戒,0,false,false,列表重複,79500,
SRC-0542,57337049,,../dsdiamond_backup/site/www.dsdiamond.com.tw/zh-TW/collections/ring-female.html,系列頁,productImpressions,夢境花綻｜Blossom Reverie,女士鑽戒 鑽之韻,,ring-female,ring-female,0,false,false,列表重複,79500,
SRC-0167,57337051,,../dsdiamond_backup/site/www.dsdiamond.com.tw/collections/彩色鑽石專區.html,HTML,productImpressions,湛藍晨曦｜Azure Aurora,彩色鑽石專區 鑽之韻,,彩色鑽石專區,彩色鑽石專區,0,false,false,列表重複,75000,
SRC-0303,57337051,,../dsdiamond_backup/site/www.dsdiamond.com.tw/collections/藍鑽.html,HTML,window.c12t,湛藍晨曦｜Azure Aurora,藍鑽 鑽之韻,,藍鑽,藍鑽,0,false,false,有效,75000.0,
SRC-0308,57337051,,../dsdiamond_backup/site/www.dsdiamond.com.tw/collections/藍鑽.html,HTML,productImpressions,湛藍晨曦｜Azure Aurora,藍鑽 鑽之韻,,藍鑽,藍鑽,0,false,false,列表重複,75000.0,
SRC-0166,57337052,,../dsdiamond_backup/site/www.dsdiamond.com.tw/collections/彩色鑽石專區.html,HTML,productImpressions,凝光心羽｜Ethereal Heart Petals,彩色鑽石專區 鑽之韻,,彩色鑽石專區,彩色鑽石專區,0,false,false,列表重複,250000,
SRC-0218,57337052,,../dsdiamond_backup/site/www.dsdiamond.com.tw/collections/粉鑽.html,HTML,window.c12t,凝光心羽｜Ethereal Heart Petals,粉鑽 鑽之韻,,粉鑽,粉鑽,0,false,false,有效,250000.0,
SRC-0228,57337052,,../dsdiamond_backup/site/www.dsdiamond.com.tw/collections/粉鑽.html,HTML,productImpressions,凝光心羽｜Ethereal Heart Petals,粉鑽 鑽之韻,,粉鑽,粉鑽,0,false,false,列表重複,250000.0,
SRC-0116,57338469,,../dsdiamond_backup/site/www.dsdiamond.com.tw/collections/ring-man.html,HTML,window.c12t,恆穩之光｜Eterna Shine,男士鑽戒 鑽之韻,,男士鑽戒,ring-man,0,false,false,有效,38900.0,
SRC-0126,57338469,,../dsdiamond_backup/site/www.dsdiamond.com.tw/collections/ring-man.html,HTML,productImpressions,恆穩之光｜Eterna Shine,男士鑽戒 鑽之韻,,男士鑽戒,ring-man,0,false,false,列表重複,38900.0,
SRC-0558,57338469,,../dsdiamond_backup/site/www.dsdiamond.com.tw/zh-TW/collections/ring-man.html,系列頁,window.c12t,恆穩之光｜Eterna Shine,男士鑽戒 鑽之韻,,男士鑽戒,ring-man,0,false,false,有效,38900.0,
SRC-0568,57338469,,../dsdiamond_backup/site/www.dsdiamond.com.tw/zh-TW/collections/ring-man.html,系列頁,productImpressions,恆穩之光｜Eterna Shine,男士鑽戒 鑽之韻,,男士鑽戒,ring-man,0,false,false,列表重複,38900.0,
SRC-0117,57338470,,../dsdiamond_backup/site/www.dsdiamond.com.tw/collections/ring-man.html,HTML,window.c12t,恆軸之戒｜Axis of Steadfast,男士鑽戒 鑽之韻,,男士鑽戒,ring-man,0,false,false,有效,65000.0,
SRC-0127,57338470,,../dsdiamond_backup/site/www.dsdiamond.com.tw/collections/ring-man.html,HTML,productImpressions,恆軸之戒｜Axis of Steadfast,男士鑽戒 鑽之韻,,男士鑽戒,ring-man,0,false,false,列表重複,65000.0,
SRC-0559,57338470,,../dsdiamond_backup/site/www.dsdiamond.com.tw/zh-TW/collections/ring-man.html,系列頁,window.c12t,恆軸之戒｜Axis of Steadfast,男士鑽戒 鑽之韻,,男士鑽戒,ring-man,0,false,false,有效,65000.0,
SRC-0569,57338470,,../dsdiamond_backup/site/www.dsdiamond.com.tw/zh-TW/collections/ring-man.html,系列頁,productImpressions,恆軸之戒｜Axis of Steadfast,男士鑽戒 鑽之韻,,男士鑽戒,ring-man,0,false,false,列表重複,65000.0,
SRC-0132,57338471,,../dsdiamond_backup/site/www.dsdiamond.com.tw/collections/ring-man.html,HTML,productImpressions,權境之環｜Sovereign Realm,男士鑽戒 鑽之韻,,ring-man,ring-man,0,false,false,列表重複,230000,
SRC-0293,57338471,,../dsdiamond_backup/site/www.dsdiamond.com.tw/collections/經典男戒.html,HTML,productImpressions,權境之環｜Sovereign Realm,經典男戒 鑽之韻,,經典男戒,經典男戒,0,false,false,列表重複,230000,
SRC-0374,57338471,https://www.dsdiamond.com.tw/products/男戒03,../dsdiamond_backup/site/www.dsdiamond.com.tw/index.html,HTML,products-json,權境之環｜Sovereign Realm,鑽之韻 Diamond Symphony,心金不渝｜Golden Vow,,,4,false,false,有效,230000,男戒03
SRC-0423,57338471,https://www.dsdiamond.com.tw/products/男戒03,../dsdiamond_backup/site/www.dsdiamond.com.tw/zh-TW/account/logout.html,HTML,products-json,權境之環｜Sovereign Realm,鑽之韻 Diamond Symphony,心金不渝｜Golden Vow,,,4,false,false,有效,230000,男戒03
SRC-0452,57338471,https://www.dsdiamond.com.tw/products/男戒03,../dsdiamond_backup/site/www.dsdiamond.com.tw/zh-TW/cart.html,HTML,products-json,權境之環｜Sovereign Realm,鑽之韻 Diamond Symphony,心金不渝｜Golden Vow,,,4,false,false,有效,230000,男戒03
SRC-0574,57338471,,../dsdiamond_backup/site/www.dsdiamond.com.tw/zh-TW/collections/ring-man.html,系列頁,productImpressions,權境之環｜Sovereign Realm,男士鑽戒 鑽之韻,,ring-man,ring-man,0,false,false,列表重複,230000,
SRC-0642,57338471,https://www.dsdiamond.com.tw/products/男戒03,../dsdiamond_backup/site/www.dsdiamond.com.tw/zh-TW.html,首頁產品卡片,products-json,權境之環｜Sovereign Realm,鑽之韻 Diamond Symphony,心金不渝｜Golden Vow,,,4,false,false,有效,230000,男戒03
SRC-0135,57338472,,../dsdiamond_backup/site/www.dsdiamond.com.tw/collections/ring-man.html,HTML,productImpressions,稜境之耀｜Edge of Radiance,男士鑽戒 鑽之韻,,ring-man,ring-man,0,false,false,列表重複,88500,
SRC-0296,57338472,,../dsdiamond_backup/site/www.dsdiamond.com.tw/collections/經典男戒.html,HTML,productImpressions,稜境之耀｜Edge of Radiance,經典男戒 鑽之韻,,經典男戒,經典男戒,0,false,false,列表重複,88500,
SRC-0577,57338472,,../dsdiamond_backup/site/www.dsdiamond.com.tw/zh-TW/collections/ring-man.html,系列頁,productImpressions,稜境之耀｜Edge of Radiance,男士鑽戒 鑽之韻,,ring-man,ring-man,0,false,false,列表重複,88500,
SRC-0113,57338473,,../dsdiamond_backup/site/www.dsdiamond.com.tw/collections/ring-man.html,HTML,window.c12t,帝鑽之冠｜Crown of Majesty,男士鑽戒 鑽之韻,,男士鑽戒,ring-man,0,false,false,有效,250000.0,
SRC-0123,57338473,,../dsdiamond_backup/site/www.dsdiamond.com.tw/collections/ring-man.html,HTML,productImpressions,帝鑽之冠｜Crown of Majesty,男士鑽戒 鑽之韻,,男士鑽戒,ring-man,0,false,false,列表重複,250000.0,
SRC-0276,57338473,,../dsdiamond_backup/site/www.dsdiamond.com.tw/collections/經典男戒.html,HTML,window.c12t,帝鑽之冠｜Crown of Majesty,經典男戒 鑽之韻,,經典男戒,經典男戒,0,false,false,有效,250000.0,
SRC-0286,57338473,,../dsdiamond_backup/site/www.dsdiamond.com.tw/collections/經典男戒.html,HTML,productImpressions,帝鑽之冠｜Crown of Majesty,經典男戒 鑽之韻,,經典男戒,經典男戒,0,false,false,列表重複,250000.0,
SRC-0367,57338473,https://www.dsdiamond.com.tw/products/男戒05,../dsdiamond_backup/site/www.dsdiamond.com.tw/index.html,HTML,products-json,帝鑽之冠｜Crown of Majesty,鑽之韻 Diamond Symphony,心金不渝｜Golden Vow,,,4,false,false,有效,250000,男戒05
SRC-0416,57338473,https://www.dsdiamond.com.tw/products/男戒05,../dsdiamond_backup/site/www.dsdiamond.com.tw/zh-TW/account/logout.html,HTML,products-json,帝鑽之冠｜Crown of Majesty,鑽之韻 Diamond Symphony,心金不渝｜Golden Vow,,,4,false,false,有效,250000,男戒05
SRC-0445,57338473,https://www.dsdiamond.com.tw/products/男戒05,../dsdiamond_backup/site/www.dsdiamond.com.tw/zh-TW/cart.html,HTML,products-json,帝鑽之冠｜Crown of Majesty,鑽之韻 Diamond Symphony,心金不渝｜Golden Vow,,,4,false,false,有效,250000,男戒05
SRC-0555,57338473,,../dsdiamond_backup/site/www.dsdiamond.com.tw/zh-TW/collections/ring-man.html,系列頁,window.c12t,帝鑽之冠｜Crown of Majesty,男士鑽戒 鑽之韻,,男士鑽戒,ring-man,0,false,false,有效,250000.0,
SRC-0565,57338473,,../dsdiamond_backup/site/www.dsdiamond.com.tw/zh-TW/collections/ring-man.html,系列頁,productImpressions,帝鑽之冠｜Crown of Majesty,男士鑽戒 鑽之韻,,男士鑽戒,ring-man,0,false,false,列表重複,250000.0,
SRC-0635,57338473,https://www.dsdiamond.com.tw/products/男戒05,../dsdiamond_backup/site/www.dsdiamond.com.tw/zh-TW.html,首頁產品卡片,products-json,帝鑽之冠｜Crown of Majesty,鑽之韻 Diamond Symphony,心金不渝｜Golden Vow,,,4,false,false,有效,250000,男戒05
SRC-0115,57338474,,../dsdiamond_backup/site/www.dsdiamond.com.tw/collections/ring-man.html,HTML,window.c12t,御璽之環｜Regal Seal,男士鑽戒 鑽之韻,,男士鑽戒,ring-man,0,false,false,有效,250000.0,
SRC-0125,57338474,,../dsdiamond_backup/site/www.dsdiamond.com.tw/collections/ring-man.html,HTML,productImpressions,御璽之環｜Regal Seal,男士鑽戒 鑽之韻,,男士鑽戒,ring-man,0,false,false,列表重複,250000.0,
SRC-0278,57338474,,../dsdiamond_backup/site/www.dsdiamond.com.tw/collections/經典男戒.html,HTML,window.c12t,御璽之環｜Regal Seal,經典男戒 鑽之韻,,經典男戒,經典男戒,0,false,false,有效,250000.0,
SRC-0288,57338474,,../dsdiamond_backup/site/www.dsdiamond.com.tw/collections/經典男戒.html,HTML,productImpressions,御璽之環｜Regal Seal,經典男戒 鑽之韻,,經典男戒,經典男戒,0,false,false,列表重複,250000.0,
SRC-0369,57338474,https://www.dsdiamond.com.tw/products/男戒06,../dsdiamond_backup/site/www.dsdiamond.com.tw/index.html,HTML,products-json,御璽之環｜Regal Seal,鑽之韻 Diamond Symphony,心金不渝｜Golden Vow,,,4,false,false,有效,250000,男戒06
SRC-0418,57338474,https://www.dsdiamond.com.tw/products/男戒06,../dsdiamond_backup/site/www.dsdiamond.com.tw/zh-TW/account/logout.html,HTML,products-json,御璽之環｜Regal Seal,鑽之韻 Diamond Symphony,心金不渝｜Golden Vow,,,4,false,false,有效,250000,男戒06
SRC-0447,57338474,https://www.dsdiamond.com.tw/products/男戒06,../dsdiamond_backup/site/www.dsdiamond.com.tw/zh-TW/cart.html,HTML,products-json,御璽之環｜Regal Seal,鑽之韻 Diamond Symphony,心金不渝｜Golden Vow,,,4,false,false,有效,250000,男戒06
SRC-0557,57338474,,../dsdiamond_backup/site/www.dsdiamond.com.tw/zh-TW/collections/ring-man.html,系列頁,window.c12t,御璽之環｜Regal Seal,男士鑽戒 鑽之韻,,男士鑽戒,ring-man,0,false,false,有效,250000.0,
SRC-0567,57338474,,../dsdiamond_backup/site/www.dsdiamond.com.tw/zh-TW/collections/ring-man.html,系列頁,productImpressions,御璽之環｜Regal Seal,男士鑽戒 鑽之韻,,男士鑽戒,ring-man,0,false,false,列表重複,250000.0,
SRC-0637,57338474,https://www.dsdiamond.com.tw/products/男戒06,../dsdiamond_backup/site/www.dsdiamond.com.tw/zh-TW.html,首頁產品卡片,products-json,御璽之環｜Regal Seal,鑽之韻 Diamond Symphony,心金不渝｜Golden Vow,,,4,false,false,有效,250000,男戒06
SRC-0136,57338475,,../dsdiamond_backup/site/www.dsdiamond.com.tw/collections/ring-man.html,HTML,productImpressions,鉑金轉運戒 ( 三排 ),男士鑽戒 鑽之韻,,ring-man,ring-man,0,false,false,列表重複,75000,
SRC-0311,57338475,,../dsdiamond_backup/site/www.dsdiamond.com.tw/collections/轉運女戒.html,HTML,window.c12t,鉑金轉運戒 ( 三排 ),轉運女戒 鑽之韻,,轉運女戒,轉運女戒,0,false,false,有效,75000.0,
SRC-0317,57338475,,../dsdiamond_backup/site/www.dsdiamond.com.tw/collections/轉運女戒.html,HTML,productImpressions,鉑金轉運戒 ( 三排 ),轉運女戒 鑽之韻,,轉運女戒,轉運女戒,0,false,false,列表重複,75000.0,
SRC-0323,57338475,,../dsdiamond_backup/site/www.dsdiamond.com.tw/collections/轉運男戒.html,HTML,window.c12t,鉑金轉運戒 ( 三排 ),轉運男戒 鑽之韻,,轉運男戒,轉運男戒,0,false,false,有效,75000.0,
SRC-0329,57338475,,../dsdiamond_backup/site/www.dsdiamond.com.tw/collections/轉運男戒.html,HTML,productImpressions,鉑金轉運戒 ( 三排 ),轉運男戒 鑽之韻,,轉運男戒,轉運男戒,0,false,false,列表重複,75000.0,
SRC-0578,57338475,,../dsdiamond_backup/site/www.dsdiamond.com.tw/zh-TW/collections/ring-man.html,系列頁,productImpressions,鉑金轉運戒 ( 三排 ),男士鑽戒 鑽之韻,,ring-man,ring-man,0,false,false,列表重複,75000,
SRC-0138,57338476,,../dsdiamond_backup/site/www.dsdiamond.com.tw/collections/ring-man.html,HTML,productImpressions,鉑金轉運戒 ( 雙排 ),男士鑽戒 鑽之韻,,ring-man,ring-man,0,false,false,列表重複,58000,
SRC-0312,57338476,,../dsdiamond_backup/site/www.dsdiamond.com.tw/collections/轉運女戒.html,HTML,window.c12t,鉑金轉運戒 ( 雙排 ),轉運女戒 鑽之韻,,轉運女戒,轉運女戒,0,false,false,有效,58000.0,
SRC-0318,57338476,,../dsdiamond_backup/site/www.dsdiamond.com.tw/collections/轉運女戒.html,HTML,productImpressions,鉑金轉運戒 ( 雙排 ),轉運女戒 鑽之韻,,轉運女戒,轉運女戒,0,false,false,列表重複,58000.0,
SRC-0324,57338476,,../dsdiamond_backup/site/www.dsdiamond.com.tw/collections/轉運男戒.html,HTML,window.c12t,鉑金轉運戒 ( 雙排 ),轉運男戒 鑽之韻,,轉運男戒,轉運男戒,0,false,false,有效,58000.0,
SRC-0330,57338476,,../dsdiamond_backup/site/www.dsdiamond.com.tw/collections/轉運男戒.html,HTML,productImpressions,鉑金轉運戒 ( 雙排 ),轉運男戒 鑽之韻,,轉運男戒,轉運男戒,0,false,false,列表重複,58000.0,
SRC-0580,57338476,,../dsdiamond_backup/site/www.dsdiamond.com.tw/zh-TW/collections/ring-man.html,系列頁,productImpressions,鉑金轉運戒 ( 雙排 ),男士鑽戒 鑽之韻,,ring-man,ring-man,0,false,false,列表重複,58000,
SRC-0139,57338477,,../dsdiamond_backup/site/www.dsdiamond.com.tw/collections/ring-man.html,HTML,productImpressions,銀耀之冠 Crown of Argent Radiance,男士鑽戒 鑽之韻,,ring-man,ring-man,0,false,false,列表重複,160000,
SRC-0177,57338477,,../dsdiamond_backup/site/www.dsdiamond.com.tw/collections/彩色鑽石專區.html,HTML,productImpressions,銀耀之冠 Crown of Argent Radiance,彩色鑽石專區 鑽之韻,,彩色鑽石專區,彩色鑽石專區,0,false,false,列表重複,160000,
SRC-0297,57338477,,../dsdiamond_backup/site/www.dsdiamond.com.tw/collections/經典男戒.html,HTML,productImpressions,銀耀之冠 Crown of Argent Radiance,經典男戒 鑽之韻,,經典男戒,經典男戒,0,false,false,列表重複,160000,
SRC-0342,57338477,,../dsdiamond_backup/site/www.dsdiamond.com.tw/collections/黃鑽.html,HTML,window.c12t,銀耀之冠 Crown of Argent Radiance,黃鑽 鑽之韻,,黃鑽,黃鑽,0,false,false,有效,160000.0,
SRC-0351,57338477,,../dsdiamond_backup/site/www.dsdiamond.com.tw/collections/黃鑽.html,HTML,productImpressions,銀耀之冠 Crown of Argent Radiance,黃鑽 鑽之韻,,黃鑽,黃鑽,0,false,false,列表重複,160000.0,
SRC-0581,57338477,,../dsdiamond_backup/site/www.dsdiamond.com.tw/zh-TW/collections/ring-man.html,系列頁,productImpressions,銀耀之冠 Crown of Argent Radiance,男士鑽戒 鑽之韻,,ring-man,ring-man,0,false,false,列表重複,160000,
SRC-0112,57338478,,../dsdiamond_backup/site/www.dsdiamond.com.tw/collections/ring-man.html,HTML,window.c12t,帝耀之環｜Sovereign Glow,男士鑽戒 鑽之韻,,男士鑽戒,ring-man,0,false,false,有效,180000.0,
SRC-0122,57338478,,../dsdiamond_backup/site/www.dsdiamond.com.tw/collections/ring-man.html,HTML,productImpressions,帝耀之環｜Sovereign Glow,男士鑽戒 鑽之韻,,男士鑽戒,ring-man,0,false,false,列表重複,180000.0,
SRC-0146,57338478,,../dsdiamond_backup/site/www.dsdiamond.com.tw/collections/彩色鑽石專區.html,HTML,window.c12t,帝耀之環｜Sovereign Glow,彩色鑽石專區 鑽之韻,,彩色鑽石專區,彩色鑽石專區,0,false,false,有效,180000.0,
SRC-0156,57338478,,../dsdiamond_backup/site/www.dsdiamond.com.tw/collections/彩色鑽石專區.html,HTML,productImpressions,帝耀之環｜Sovereign Glow,彩色鑽石專區 鑽之韻,,彩色鑽石專區,彩色鑽石專區,0,false,false,列表重複,180000.0,
SRC-0275,57338478,,../dsdiamond_backup/site/www.dsdiamond.com.tw/collections/經典男戒.html,HTML,window.c12t,帝耀之環｜Sovereign Glow,經典男戒 鑽之韻,,經典男戒,經典男戒,0,false,false,有效,180000.0,
SRC-0285,57338478,,../dsdiamond_backup/site/www.dsdiamond.com.tw/collections/經典男戒.html,HTML,productImpressions,帝耀之環｜Sovereign Glow,經典男戒 鑽之韻,,經典男戒,經典男戒,0,false,false,列表重複,180000.0,
SRC-0334,57338478,,../dsdiamond_backup/site/www.dsdiamond.com.tw/collections/黃鑽.html,HTML,window.c12t,帝耀之環｜Sovereign Glow,黃鑽 鑽之韻,,黃鑽,黃鑽,0,false,false,有效,180000.0,
SRC-0343,57338478,,../dsdiamond_backup/site/www.dsdiamond.com.tw/collections/黃鑽.html,HTML,productImpressions,帝耀之環｜Sovereign Glow,黃鑽 鑽之韻,,黃鑽,黃鑽,0,false,false,列表重複,180000.0,
SRC-0366,57338478,https://www.dsdiamond.com.tw/products/男戒10,../dsdiamond_backup/site/www.dsdiamond.com.tw/index.html,HTML,products-json,帝耀之環｜Sovereign Glow,鑽之韻 Diamond Symphony,心金不渝｜Golden Vow,,,4,false,false,有效,180000,男戒10
SRC-0415,57338478,https://www.dsdiamond.com.tw/products/男戒10,../dsdiamond_backup/site/www.dsdiamond.com.tw/zh-TW/account/logout.html,HTML,products-json,帝耀之環｜Sovereign Glow,鑽之韻 Diamond Symphony,心金不渝｜Golden Vow,,,4,false,false,有效,180000,男戒10
SRC-0444,57338478,https://www.dsdiamond.com.tw/products/男戒10,../dsdiamond_backup/site/www.dsdiamond.com.tw/zh-TW/cart.html,HTML,products-json,帝耀之環｜Sovereign Glow,鑽之韻 Diamond Symphony,心金不渝｜Golden Vow,,,4,false,false,有效,180000,男戒10
SRC-0554,57338478,,../dsdiamond_backup/site/www.dsdiamond.com.tw/zh-TW/collections/ring-man.html,系列頁,window.c12t,帝耀之環｜Sovereign Glow,男士鑽戒 鑽之韻,,男士鑽戒,ring-man,0,false,false,有效,180000.0,
SRC-0564,57338478,,../dsdiamond_backup/site/www.dsdiamond.com.tw/zh-TW/collections/ring-man.html,系列頁,productImpressions,帝耀之環｜Sovereign Glow,男士鑽戒 鑽之韻,,男士鑽戒,ring-man,0,false,false,列表重複,180000.0,
SRC-0634,57338478,https://www.dsdiamond.com.tw/products/男戒10,../dsdiamond_backup/site/www.dsdiamond.com.tw/zh-TW.html,首頁產品卡片,products-json,帝耀之環｜Sovereign Glow,鑽之韻 Diamond Symphony,心金不渝｜Golden Vow,,,4,false,false,有效,180000,男戒10
SRC-0134,57338479,,../dsdiamond_backup/site/www.dsdiamond.com.tw/collections/ring-man.html,HTML,productImpressions,權耀之環｜Dominion Halo,男士鑽戒 鑽之韻,,ring-man,ring-man,0,false,false,列表重複,250000,
SRC-0164,57338479,,../dsdiamond_backup/site/www.dsdiamond.com.tw/collections/彩色鑽石專區.html,HTML,productImpressions,權耀之環｜Dominion Halo,彩色鑽石專區 鑽之韻,,彩色鑽石專區,彩色鑽石專區,0,false,false,列表重複,250000,
SRC-0295,57338479,,../dsdiamond_backup/site/www.dsdiamond.com.tw/collections/經典男戒.html,HTML,productImpressions,權耀之環｜Dominion Halo,經典男戒 鑽之韻,,經典男戒,經典男戒,0,false,false,列表重複,250000,
SRC-0337,57338479,,../dsdiamond_backup/site/www.dsdiamond.com.tw/collections/黃鑽.html,HTML,window.c12t,權耀之環｜Dominion Halo,黃鑽 鑽之韻,,黃鑽,黃鑽,0,false,false,有效,250000.0,
SRC-0346,57338479,,../dsdiamond_backup/site/www.dsdiamond.com.tw/collections/黃鑽.html,HTML,productImpressions,權耀之環｜Dominion Halo,黃鑽 鑽之韻,,黃鑽,黃鑽,0,false,false,列表重複,250000.0,
SRC-0576,57338479,,../dsdiamond_backup/site/www.dsdiamond.com.tw/zh-TW/collections/ring-man.html,系列頁,productImpressions,權耀之環｜Dominion Halo,男士鑽戒 鑽之韻,,ring-man,ring-man,0,false,false,列表重複,250000,
SRC-0140,57338480,,../dsdiamond_backup/site/www.dsdiamond.com.tw/collections/ring-man.html,HTML,productImpressions,鋒耀之冠｜Dominion Crest,男士鑽戒 鑽之韻,,ring-man,ring-man,0,false,false,列表重複,250000,
SRC-0298,57338480,,../dsdiamond_backup/site/www.dsdiamond.com.tw/collections/經典男戒.html,HTML,productImpressions,鋒耀之冠｜Dominion Crest,經典男戒 鑽之韻,,經典男戒,經典男戒,0,false,false,列表重複,250000,
SRC-0582,57338480,,../dsdiamond_backup/site/www.dsdiamond.com.tw/zh-TW/collections/ring-man.html,系列頁,productImpressions,鋒耀之冠｜Dominion Crest,男士鑽戒 鑽之韻,,ring-man,ring-man,0,false,false,列表重複,250000,
SRC-0064,57338999,,../dsdiamond_backup/site/www.dsdiamond.com.tw/collections/pair-ring.html,HTML,window.c12t,心弦共鳴｜Echo of Us,結婚對戒 鑽之韻,,結婚對戒,pair-ring,0,false,false,有效,45000.0,
SRC-0071,57338999,,../dsdiamond_backup/site/www.dsdiamond.com.tw/collections/pair-ring.html,HTML,productImpressions,心弦共鳴｜Echo of Us,結婚對戒 鑽之韻,,結婚對戒,pair-ring,0,false,false,列表重複,45000.0,
SRC-0506,57338999,,../dsdiamond_backup/site/www.dsdiamond.com.tw/zh-TW/collections/pair-ring.html,系列頁,window.c12t,心弦共鳴｜Echo of Us,結婚對戒 鑽之韻,,結婚對戒,pair-ring,0,false,false,有效,45000.0,
SRC-0513,57338999,,../dsdiamond_backup/site/www.dsdiamond.com.tw/zh-TW/collections/pair-ring.html,系列頁,productImpressions,心弦共鳴｜Echo of Us,結婚對戒 鑽之韻,,結婚對戒,pair-ring,0,false,false,列表重複,45000.0,
SRC-0067,57339000,,../dsdiamond_backup/site/www.dsdiamond.com.tw/collections/pair-ring.html,HTML,window.c12t,相契之刻｜Bonded Edge,結婚對戒 鑽之韻,,結婚對戒,pair-ring,0,false,false,有效,45000.0,
SRC-0074,57339000,,../dsdiamond_backup/site/www.dsdiamond.com.tw/collections/pair-ring.html,HTML,productImpressions,相契之刻｜Bonded Edge,結婚對戒 鑽之韻,,結婚對戒,pair-ring,0,false,false,列表重複,45000.0,
SRC-0509,57339000,,../dsdiamond_backup/site/www.dsdiamond.com.tw/zh-TW/collections/pair-ring.html,系列頁,window.c12t,相契之刻｜Bonded Edge,結婚對戒 鑽之韻,,結婚對戒,pair-ring,0,false,false,有效,45000.0,
SRC-0516,57339000,,../dsdiamond_backup/site/www.dsdiamond.com.tw/zh-TW/collections/pair-ring.html,系列頁,productImpressions,相契之刻｜Bonded Edge,結婚對戒 鑽之韻,,結婚對戒,pair-ring,0,false,false,列表重複,45000.0,
SRC-0063,57339001,,../dsdiamond_backup/site/www.dsdiamond.com.tw/collections/pair-ring.html,HTML,window.c12t,契合之環｜Harmonic Loop,結婚對戒 鑽之韻,,結婚對戒,pair-ring,0,false,false,有效,45000.0,
SRC-0070,57339001,,../dsdiamond_backup/site/www.dsdiamond.com.tw/collections/pair-ring.html,HTML,productImpressions,契合之環｜Harmonic Loop,結婚對戒 鑽之韻,,結婚對戒,pair-ring,0,false,false,列表重複,45000.0,
SRC-0505,57339001,,../dsdiamond_backup/site/www.dsdiamond.com.tw/zh-TW/collections/pair-ring.html,系列頁,window.c12t,契合之環｜Harmonic Loop,結婚對戒 鑽之韻,,結婚對戒,pair-ring,0,false,false,有效,45000.0,
SRC-0512,57339001,,../dsdiamond_backup/site/www.dsdiamond.com.tw/zh-TW/collections/pair-ring.html,系列頁,productImpressions,契合之環｜Harmonic Loop,結婚對戒 鑽之韻,,結婚對戒,pair-ring,0,false,false,列表重複,45000.0,
SRC-0066,57339002,,../dsdiamond_backup/site/www.dsdiamond.com.tw/collections/pair-ring.html,HTML,window.c12t,永恆序曲｜Timeless Prelude,結婚對戒 鑽之韻,,結婚對戒,pair-ring,0,false,false,有效,45000.0,
SRC-0073,57339002,,../dsdiamond_backup/site/www.dsdiamond.com.tw/collections/pair-ring.html,HTML,productImpressions,永恆序曲｜Timeless Prelude,結婚對戒 鑽之韻,,結婚對戒,pair-ring,0,false,false,列表重複,45000.0,
SRC-0508,57339002,,../dsdiamond_backup/site/www.dsdiamond.com.tw/zh-TW/collections/pair-ring.html,系列頁,window.c12t,永恆序曲｜Timeless Prelude,結婚對戒 鑽之韻,,結婚對戒,pair-ring,0,false,false,有效,45000.0,
SRC-0515,57339002,,../dsdiamond_backup/site/www.dsdiamond.com.tw/zh-TW/collections/pair-ring.html,系列頁,productImpressions,永恆序曲｜Timeless Prelude,結婚對戒 鑽之韻,,結婚對戒,pair-ring,0,false,false,列表重複,45000.0,
SRC-0065,57339003,,../dsdiamond_backup/site/www.dsdiamond.com.tw/collections/pair-ring.html,HTML,window.c12t,曜映之環｜Radiant Bond,結婚對戒 鑽之韻,,結婚對戒,pair-ring,0,false,false,有效,45000.0,
SRC-0072,57339003,,../dsdiamond_backup/site/www.dsdiamond.com.tw/collections/pair-ring.html,HTML,productImpressions,曜映之環｜Radiant Bond,結婚對戒 鑽之韻,,結婚對戒,pair-ring,0,false,false,列表重複,45000.0,
SRC-0507,57339003,,../dsdiamond_backup/site/www.dsdiamond.com.tw/zh-TW/collections/pair-ring.html,系列頁,window.c12t,曜映之環｜Radiant Bond,結婚對戒 鑽之韻,,結婚對戒,pair-ring,0,false,false,有效,45000.0,
SRC-0514,57339003,,../dsdiamond_backup/site/www.dsdiamond.com.tw/zh-TW/collections/pair-ring.html,系列頁,productImpressions,曜映之環｜Radiant Bond,結婚對戒 鑽之韻,,結婚對戒,pair-ring,0,false,false,列表重複,45000.0,
SRC-0062,57339004,,../dsdiamond_backup/site/www.dsdiamond.com.tw/collections/pair-ring.html,HTML,window.c12t,交心之結｜Unity Knot,結婚對戒 鑽之韻,,結婚對戒,pair-ring,0,false,false,有效,45000.0,
SRC-0069,57339004,,../dsdiamond_backup/site/www.dsdiamond.com.tw/collections/pair-ring.html,HTML,productImpressions,交心之結｜Unity Knot,結婚對戒 鑽之韻,,結婚對戒,pair-ring,0,false,false,列表重複,45000.0,
SRC-0504,57339004,,../dsdiamond_backup/site/www.dsdiamond.com.tw/zh-TW/collections/pair-ring.html,系列頁,window.c12t,交心之結｜Unity Knot,結婚對戒 鑽之韻,,結婚對戒,pair-ring,0,false,false,有效,45000.0,
SRC-0511,57339004,,../dsdiamond_backup/site/www.dsdiamond.com.tw/zh-TW/collections/pair-ring.html,系列頁,productImpressions,交心之結｜Unity Knot,結婚對戒 鑽之韻,,結婚對戒,pair-ring,0,false,false,列表重複,45000.0,
SRC-0044,57339024,,../dsdiamond_backup/site/www.dsdiamond.com.tw/collections/necklace.html,HTML,window.c12t,星願經典｜Brilliant Wish,項鍊 鑽之韻,,項鍊,necklace,0,false,false,有效,36000.0,
SRC-0054,57339024,,../dsdiamond_backup/site/www.dsdiamond.com.tw/collections/necklace.html,HTML,productImpressions,星願經典｜Brilliant Wish,項鍊 鑽之韻,,項鍊,necklace,0,false,false,列表重複,36000.0,
SRC-0486,57339024,,../dsdiamond_backup/site/www.dsdiamond.com.tw/zh-TW/collections/necklace.html,系列頁,window.c12t,星願經典｜Brilliant Wish,項鍊 鑽之韻,,項鍊,necklace,0,false,false,有效,36000.0,
SRC-0496,57339024,,../dsdiamond_backup/site/www.dsdiamond.com.tw/zh-TW/collections/necklace.html,系列頁,productImpressions,星願經典｜Brilliant Wish,項鍊 鑽之韻,,項鍊,necklace,0,false,false,列表重複,36000.0,
SRC-0041,57339025,,../dsdiamond_backup/site/www.dsdiamond.com.tw/collections/necklace.html,HTML,window.c12t,心金不渝｜Golden Vow,項鍊 鑽之韻,,項鍊,necklace,0,false,false,有效,38000.0,
SRC-0051,57339025,,../dsdiamond_backup/site/www.dsdiamond.com.tw/collections/necklace.html,HTML,productImpressions,心金不渝｜Golden Vow,項鍊 鑽之韻,,項鍊,necklace,0,false,false,列表重複,38000.0,
SRC-0483,57339025,,../dsdiamond_backup/site/www.dsdiamond.com.tw/zh-TW/collections/necklace.html,系列頁,window.c12t,心金不渝｜Golden Vow,項鍊 鑽之韻,,項鍊,necklace,0,false,false,有效,38000.0,
SRC-0493,57339025,,../dsdiamond_backup/site/www.dsdiamond.com.tw/zh-TW/collections/necklace.html,系列頁,productImpressions,心金不渝｜Golden Vow,項鍊 鑽之韻,,項鍊,necklace,0,false,false,列表重複,38000.0,
SRC-0038,57339026,,../dsdiamond_backup/site/www.dsdiamond.com.tw/collections/necklace.html,HTML,window.c12t,心境如初｜Rose Embrace,項鍊 鑽之韻,,項鍊,necklace,0,false,false,有效,38000.0,
SRC-0048,57339026,,../dsdiamond_backup/site/www.dsdiamond.com.tw/collections/necklace.html,HTML,productImpressions,心境如初｜Rose Embrace,項鍊 鑽之韻,,項鍊,necklace,0,false,false,列表重複,38000.0,
SRC-0480,57339026,,../dsdiamond_backup/site/www.dsdiamond.com.tw/zh-TW/collections/necklace.html,系列頁,window.c12t,心境如初｜Rose Embrace,項鍊 鑽之韻,,項鍊,necklace,0,false,false,有效,38000.0,
SRC-0490,57339026,,../dsdiamond_backup/site/www.dsdiamond.com.tw/zh-TW/collections/necklace.html,系列頁,productImpressions,心境如初｜Rose Embrace,項鍊 鑽之韻,,項鍊,necklace,0,false,false,列表重複,38000.0,
SRC-0043,57339027,,../dsdiamond_backup/site/www.dsdiamond.com.tw/collections/necklace.html,HTML,window.c12t,星語名鍊｜Stellar Name,項鍊 鑽之韻,,項鍊,necklace,0,false,false,有效,29800.0,
SRC-0053,57339027,,../dsdiamond_backup/site/www.dsdiamond.com.tw/collections/necklace.html,HTML,productImpressions,星語名鍊｜Stellar Name,項鍊 鑽之韻,,項鍊,necklace,0,false,false,列表重複,29800.0,
SRC-0485,57339027,,../dsdiamond_backup/site/www.dsdiamond.com.tw/zh-TW/collections/necklace.html,系列頁,window.c12t,星語名鍊｜Stellar Name,項鍊 鑽之韻,,項鍊,necklace,0,false,false,有效,29800.0,
SRC-0495,57339027,,../dsdiamond_backup/site/www.dsdiamond.com.tw/zh-TW/collections/necklace.html,系列頁,productImpressions,星語名鍊｜Stellar Name,項鍊 鑽之韻,,項鍊,necklace,0,false,false,列表重複,29800.0,
SRC-0058,57339028,,../dsdiamond_backup/site/www.dsdiamond.com.tw/collections/necklace.html,HTML,productImpressions,粉芒之淚｜Blush Teardrop,項鍊 鑽之韻,,necklace,necklace,0,false,false,列表重複,45000,
SRC-0171,57339028,,../dsdiamond_backup/site/www.dsdiamond.com.tw/collections/彩色鑽石專區.html,HTML,productImpressions,粉芒之淚｜Blush Teardrop,彩色鑽石專區 鑽之韻,,彩色鑽石專區,彩色鑽石專區,0,false,false,列表重複,45000,
SRC-0220,57339028,,../dsdiamond_backup/site/www.dsdiamond.com.tw/collections/粉鑽.html,HTML,window.c12t,粉芒之淚｜Blush Teardrop,粉鑽 鑽之韻,,粉鑽,粉鑽,0,false,false,有效,45000.0,
SRC-0230,57339028,,../dsdiamond_backup/site/www.dsdiamond.com.tw/collections/粉鑽.html,HTML,productImpressions,粉芒之淚｜Blush Teardrop,粉鑽 鑽之韻,,粉鑽,粉鑽,0,false,false,列表重複,45000.0,
SRC-0500,57339028,,../dsdiamond_backup/site/www.dsdiamond.com.tw/zh-TW/collections/necklace.html,系列頁,productImpressions,粉芒之淚｜Blush Teardrop,項鍊 鑽之韻,,necklace,necklace,0,false,false,列表重複,45000,
SRC-0045,57339029,,../dsdiamond_backup/site/www.dsdiamond.com.tw/collections/necklace.html,HTML,window.c12t,晨曦蜜語｜Rosé Whisper,項鍊 鑽之韻,,項鍊,necklace,0,false,false,有效,38900.0,
SRC-0055,57339029,,../dsdiamond_backup/site/www.dsdiamond.com.tw/collections/necklace.html,HTML,productImpressions,晨曦蜜語｜Rosé Whisper,項鍊 鑽之韻,,項鍊,necklace,0,false,false,列表重複,38900.0,
SRC-0152,57339029,,../dsdiamond_backup/site/www.dsdiamond.com.tw/collections/彩色鑽石專區.html,HTML,window.c12t,晨曦蜜語｜Rosé Whisper,彩色鑽石專區 鑽之韻,,彩色鑽石專區,彩色鑽石專區,0,false,false,有效,38900.0,
SRC-0162,57339029,,../dsdiamond_backup/site/www.dsdiamond.com.tw/collections/彩色鑽石專區.html,HTML,productImpressions,晨曦蜜語｜Rosé Whisper,彩色鑽石專區 鑽之韻,,彩色鑽石專區,彩色鑽石專區,0,false,false,列表重複,38900.0,
SRC-0217,57339029,,../dsdiamond_backup/site/www.dsdiamond.com.tw/collections/粉鑽.html,HTML,window.c12t,晨曦蜜語｜Rosé Whisper,粉鑽 鑽之韻,,粉鑽,粉鑽,0,false,false,有效,38900.0,
SRC-0227,57339029,,../dsdiamond_backup/site/www.dsdiamond.com.tw/collections/粉鑽.html,HTML,productImpressions,晨曦蜜語｜Rosé Whisper,粉鑽 鑽之韻,,粉鑽,粉鑽,0,false,false,列表重複,38900.0,
SRC-0487,57339029,,../dsdiamond_backup/site/www.dsdiamond.com.tw/zh-TW/collections/necklace.html,系列頁,window.c12t,晨曦蜜語｜Rosé Whisper,項鍊 鑽之韻,,項鍊,necklace,0,false,false,有效,38900.0,
SRC-0497,57339029,,../dsdiamond_backup/site/www.dsdiamond.com.tw/zh-TW/collections/necklace.html,系列頁,productImpressions,晨曦蜜語｜Rosé Whisper,項鍊 鑽之韻,,項鍊,necklace,0,false,false,列表重複,38900.0,
SRC-0046,57339030,,../dsdiamond_backup/site/www.dsdiamond.com.tw/collections/necklace.html,HTML,window.c12t,海霧之願｜Azure Wish,項鍊 鑽之韻,,項鍊,necklace,0,false,false,有效,38900.0,
SRC-0056,57339030,,../dsdiamond_backup/site/www.dsdiamond.com.tw/collections/necklace.html,HTML,productImpressions,海霧之願｜Azure Wish,項鍊 鑽之韻,,項鍊,necklace,0,false,false,列表重複,38900.0,
SRC-0165,57339030,,../dsdiamond_backup/site/www.dsdiamond.com.tw/collections/彩色鑽石專區.html,HTML,productImpressions,海霧之願｜Azure Wish,彩色鑽石專區 鑽之韻,,彩色鑽石專區,彩色鑽石專區,0,false,false,列表重複,38900,
SRC-0302,57339030,,../dsdiamond_backup/site/www.dsdiamond.com.tw/collections/藍鑽.html,HTML,window.c12t,海霧之願｜Azure Wish,藍鑽 鑽之韻,,藍鑽,藍鑽,0,false,false,有效,38900.0,
SRC-0307,57339030,,../dsdiamond_backup/site/www.dsdiamond.com.tw/collections/藍鑽.html,HTML,productImpressions,海霧之願｜Azure Wish,藍鑽 鑽之韻,,藍鑽,藍鑽,0,false,false,列表重複,38900.0,
SRC-0488,57339030,,../dsdiamond_backup/site/www.dsdiamond.com.tw/zh-TW/collections/necklace.html,系列頁,window.c12t,海霧之願｜Azure Wish,項鍊 鑽之韻,,項鍊,necklace,0,false,false,有效,38900.0,
SRC-0498,57339030,,../dsdiamond_backup/site/www.dsdiamond.com.tw/zh-TW/collections/necklace.html,系列頁,productImpressions,海霧之願｜Azure Wish,項鍊 鑽之韻,,項鍊,necklace,0,false,false,列表重複,38900.0,
SRC-0040,57339038,,../dsdiamond_backup/site/www.dsdiamond.com.tw/collections/necklace.html,HTML,window.c12t,心語之戀｜Amour de Cœur,項鍊 鑽之韻,,項鍊,necklace,0,false,false,有效,42000.0,
SRC-0050,57339038,,../dsdiamond_backup/site/www.dsdiamond.com.tw/collections/necklace.html,HTML,productImpressions,心語之戀｜Amour de Cœur,項鍊 鑽之韻,,項鍊,necklace,0,false,false,列表重複,42000.0,
SRC-0482,57339038,,../dsdiamond_backup/site/www.dsdiamond.com.tw/zh-TW/collections/necklace.html,系列頁,window.c12t,心語之戀｜Amour de Cœur,項鍊 鑽之韻,,項鍊,necklace,0,false,false,有效,42000.0,
SRC-0492,57339038,,../dsdiamond_backup/site/www.dsdiamond.com.tw/zh-TW/collections/necklace.html,系列頁,productImpressions,心語之戀｜Amour de Cœur,項鍊 鑽之韻,,項鍊,necklace,0,false,false,列表重複,42000.0,
SRC-0061,57339039,,../dsdiamond_backup/site/www.dsdiamond.com.tw/collections/necklace.html,HTML,productImpressions,雫月之心｜Lune Drop,項鍊 鑽之韻,,necklace,necklace,0,false,false,列表重複,38000,
SRC-0503,57339039,,../dsdiamond_backup/site/www.dsdiamond.com.tw/zh-TW/collections/necklace.html,系列頁,productImpressions,雫月之心｜Lune Drop,項鍊 鑽之韻,,necklace,necklace,0,false,false,列表重複,38000,
SRC-0001,57339319,,../dsdiamond_backup/site/www.dsdiamond.com.tw/collections/bracelet.html,HTML,window.c12t,恆耀之鏈｜Eternal Sparkle,手鍊 鑽之韻,,手鍊,bracelet,0,false,false,有效,180000.0,
SRC-0002,57339319,,../dsdiamond_backup/site/www.dsdiamond.com.tw/collections/bracelet.html,HTML,productImpressions,恆耀之鏈｜Eternal Sparkle,手鍊 鑽之韻,,手鍊,bracelet,0,false,false,列表重複,180000.0,
SRC-0011,57339623,,../dsdiamond_backup/site/www.dsdiamond.com.tw/collections/diamond.html,HTML,window.c12t,裸鑽｜雷迪恩鑽,精選裸鑽 鑽之韻,,精選裸鑽,diamond,0,false,false,有效,7500.0,
SRC-0021,57339623,,../dsdiamond_backup/site/www.dsdiamond.com.tw/collections/diamond.html,HTML,productImpressions,裸鑽｜雷迪恩鑽,精選裸鑽 鑽之韻,,精選裸鑽,diamond,0,false,false,列表重複,7500.0,
SRC-0467,57339623,,../dsdiamond_backup/site/www.dsdiamond.com.tw/zh-TW/collections/diamond.html,系列頁,window.c12t,裸鑽｜雷迪恩鑽,精選裸鑽 鑽之韻,,精選裸鑽,diamond,0,false,false,有效,7500.0,
SRC-0477,57339623,,../dsdiamond_backup/site/www.dsdiamond.com.tw/zh-TW/collections/diamond.html,系列頁,productImpressions,裸鑽｜雷迪恩鑽,精選裸鑽 鑽之韻,,精選裸鑽,diamond,0,false,false,列表重複,7500.0,
SRC-0003,57339624,,../dsdiamond_backup/site/www.dsdiamond.com.tw/collections/diamond.html,HTML,window.c12t,裸鑽｜公主方鑽,精選裸鑽 鑽之韻,,精選裸鑽,diamond,0,false,false,有效,7500.0,
SRC-0013,57339624,,../dsdiamond_backup/site/www.dsdiamond.com.tw/collections/diamond.html,HTML,productImpressions,裸鑽｜公主方鑽,精選裸鑽 鑽之韻,,精選裸鑽,diamond,0,false,false,列表重複,7500.0,
SRC-0376,57339624,https://www.dsdiamond.com.tw/products/裸鑽-princess,../dsdiamond_backup/site/www.dsdiamond.com.tw/index.html,HTML,products-json,裸鑽｜公主方鑽,鑽之韻 Diamond Symphony,心金不渝｜Golden Vow,,,1,true,false,有效,7500,裸鑽-princess
SRC-0425,57339624,https://www.dsdiamond.com.tw/products/裸鑽-princess,../dsdiamond_backup/site/www.dsdiamond.com.tw/zh-TW/account/logout.html,HTML,products-json,裸鑽｜公主方鑽,鑽之韻 Diamond Symphony,心金不渝｜Golden Vow,,,1,true,false,有效,7500,裸鑽-princess
SRC-0454,57339624,https://www.dsdiamond.com.tw/products/裸鑽-princess,../dsdiamond_backup/site/www.dsdiamond.com.tw/zh-TW/cart.html,HTML,products-json,裸鑽｜公主方鑽,鑽之韻 Diamond Symphony,心金不渝｜Golden Vow,,,1,true,false,有效,7500,裸鑽-princess
SRC-0459,57339624,,../dsdiamond_backup/site/www.dsdiamond.com.tw/zh-TW/collections/diamond.html,系列頁,window.c12t,裸鑽｜公主方鑽,精選裸鑽 鑽之韻,,精選裸鑽,diamond,0,false,false,有效,7500.0,
SRC-0469,57339624,,../dsdiamond_backup/site/www.dsdiamond.com.tw/zh-TW/collections/diamond.html,系列頁,productImpressions,裸鑽｜公主方鑽,精選裸鑽 鑽之韻,,精選裸鑽,diamond,0,false,false,列表重複,7500.0,
SRC-0644,57339624,https://www.dsdiamond.com.tw/products/裸鑽-princess,../dsdiamond_backup/site/www.dsdiamond.com.tw/zh-TW.html,首頁產品卡片,products-json,裸鑽｜公主方鑽,鑽之韻 Diamond Symphony,心金不渝｜Golden Vow,,,1,true,false,有效,7500,裸鑽-princess
SRC-0007,57339625,,../dsdiamond_backup/site/www.dsdiamond.com.tw/collections/diamond.html,HTML,window.c12t,裸鑽｜梨形鑽,精選裸鑽 鑽之韻,,精選裸鑽,diamond,0,false,false,有效,7500.0,
SRC-0017,57339625,,../dsdiamond_backup/site/www.dsdiamond.com.tw/collections/diamond.html,HTML,productImpressions,裸鑽｜梨形鑽,精選裸鑽 鑽之韻,,精選裸鑽,diamond,0,false,false,列表重複,7500.0,
SRC-0380,57339625,https://www.dsdiamond.com.tw/products/裸鑽-pear,../dsdiamond_backup/site/www.dsdiamond.com.tw/index.html,HTML,products-json,裸鑽｜梨形鑽,鑽之韻 Diamond Symphony,心金不渝｜Golden Vow,,,1,true,false,有效,7500,裸鑽-pear
SRC-0429,57339625,https://www.dsdiamond.com.tw/products/裸鑽-pear,../dsdiamond_backup/site/www.dsdiamond.com.tw/zh-TW/account/logout.html,HTML,products-json,裸鑽｜梨形鑽,鑽之韻 Diamond Symphony,心金不渝｜Golden Vow,,,1,true,false,有效,7500,裸鑽-pear
SRC-0458,57339625,https://www.dsdiamond.com.tw/products/裸鑽-pear,../dsdiamond_backup/site/www.dsdiamond.com.tw/zh-TW/cart.html,HTML,products-json,裸鑽｜梨形鑽,鑽之韻 Diamond Symphony,心金不渝｜Golden Vow,,,1,true,false,有效,7500,裸鑽-pear
SRC-0463,57339625,,../dsdiamond_backup/site/www.dsdiamond.com.tw/zh-TW/collections/diamond.html,系列頁,window.c12t,裸鑽｜梨形鑽,精選裸鑽 鑽之韻,,精選裸鑽,diamond,0,false,false,有效,7500.0,
SRC-0473,57339625,,../dsdiamond_backup/site/www.dsdiamond.com.tw/zh-TW/collections/diamond.html,系列頁,productImpressions,裸鑽｜梨形鑽,精選裸鑽 鑽之韻,,精選裸鑽,diamond,0,false,false,列表重複,7500.0,
SRC-0648,57339625,https://www.dsdiamond.com.tw/products/裸鑽-pear,../dsdiamond_backup/site/www.dsdiamond.com.tw/zh-TW.html,首頁產品卡片,products-json,裸鑽｜梨形鑽,鑽之韻 Diamond Symphony,心金不渝｜Golden Vow,,,1,true,false,有效,7500,裸鑽-pear
SRC-0008,57339626,,../dsdiamond_backup/site/www.dsdiamond.com.tw/collections/diamond.html,HTML,window.c12t,裸鑽｜橢圓鑽,精選裸鑽 鑽之韻,,精選裸鑽,diamond,0,false,false,有效,7500.0,
SRC-0018,57339626,,../dsdiamond_backup/site/www.dsdiamond.com.tw/collections/diamond.html,HTML,productImpressions,裸鑽｜橢圓鑽,精選裸鑽 鑽之韻,,精選裸鑽,diamond,0,false,false,列表重複,7500.0,
SRC-0464,57339626,,../dsdiamond_backup/site/www.dsdiamond.com.tw/zh-TW/collections/diamond.html,系列頁,window.c12t,裸鑽｜橢圓鑽,精選裸鑽 鑽之韻,,精選裸鑽,diamond,0,false,false,有效,7500.0,
SRC-0474,57339626,,../dsdiamond_backup/site/www.dsdiamond.com.tw/zh-TW/collections/diamond.html,系列頁,productImpressions,裸鑽｜橢圓鑽,精選裸鑽 鑽之韻,,精選裸鑽,diamond,0,false,false,列表重複,7500.0,
SRC-0012,57339627,,../dsdiamond_backup/site/www.dsdiamond.com.tw/collections/diamond.html,HTML,window.c12t,裸鑽｜馬眼鑽,精選裸鑽 鑽之韻,,精選裸鑽,diamond,0,false,false,有效,7500.0,
SRC-0022,57339627,,../dsdiamond_backup/site/www.dsdiamond.com.tw/collections/diamond.html,HTML,productImpressions,裸鑽｜馬眼鑽,精選裸鑽 鑽之韻,,精選裸鑽,diamond,0,false,false,列表重複,7500.0,
SRC-0468,57339627,,../dsdiamond_backup/site/www.dsdiamond.com.tw/zh-TW/collections/diamond.html,系列頁,window.c12t,裸鑽｜馬眼鑽,精選裸鑽 鑽之韻,,精選裸鑽,diamond,0,false,false,有效,7500.0,
SRC-0478,57339627,,../dsdiamond_backup/site/www.dsdiamond.com.tw/zh-TW/collections/diamond.html,系列頁,productImpressions,裸鑽｜馬眼鑽,精選裸鑽 鑽之韻,,精選裸鑽,diamond,0,false,false,列表重複,7500.0,
SRC-0005,57339628,,../dsdiamond_backup/site/www.dsdiamond.com.tw/collections/diamond.html,HTML,window.c12t,裸鑽｜心形鑽,精選裸鑽 鑽之韻,,精選裸鑽,diamond,0,false,false,有效,7500.0,
SRC-0015,57339628,,../dsdiamond_backup/site/www.dsdiamond.com.tw/collections/diamond.html,HTML,productImpressions,裸鑽｜心形鑽,精選裸鑽 鑽之韻,,精選裸鑽,diamond,0,false,false,列表重複,7500.0,
SRC-0378,57339628,https://www.dsdiamond.com.tw/products/裸鑽-heart,../dsdiamond_backup/site/www.dsdiamond.com.tw/index.html,HTML,products-json,裸鑽｜心形鑽,鑽之韻 Diamond Symphony,心金不渝｜Golden Vow,,,1,true,false,有效,7500,裸鑽-heart
SRC-0427,57339628,https://www.dsdiamond.com.tw/products/裸鑽-heart,../dsdiamond_backup/site/www.dsdiamond.com.tw/zh-TW/account/logout.html,HTML,products-json,裸鑽｜心形鑽,鑽之韻 Diamond Symphony,心金不渝｜Golden Vow,,,1,true,false,有效,7500,裸鑽-heart
SRC-0456,57339628,https://www.dsdiamond.com.tw/products/裸鑽-heart,../dsdiamond_backup/site/www.dsdiamond.com.tw/zh-TW/cart.html,HTML,products-json,裸鑽｜心形鑽,鑽之韻 Diamond Symphony,心金不渝｜Golden Vow,,,1,true,false,有效,7500,裸鑽-heart
SRC-0461,57339628,,../dsdiamond_backup/site/www.dsdiamond.com.tw/zh-TW/collections/diamond.html,系列頁,window.c12t,裸鑽｜心形鑽,精選裸鑽 鑽之韻,,精選裸鑽,diamond,0,false,false,有效,7500.0,
SRC-0471,57339628,,../dsdiamond_backup/site/www.dsdiamond.com.tw/zh-TW/collections/diamond.html,系列頁,productImpressions,裸鑽｜心形鑽,精選裸鑽 鑽之韻,,精選裸鑽,diamond,0,false,false,列表重複,7500.0,
SRC-0646,57339628,https://www.dsdiamond.com.tw/products/裸鑽-heart,../dsdiamond_backup/site/www.dsdiamond.com.tw/zh-TW.html,首頁產品卡片,products-json,裸鑽｜心形鑽,鑽之韻 Diamond Symphony,心金不渝｜Golden Vow,,,1,true,false,有效,7500,裸鑽-heart
SRC-0009,57339629,,../dsdiamond_backup/site/www.dsdiamond.com.tw/collections/diamond.html,HTML,window.c12t,裸鑽｜祖母綠鑽,精選裸鑽 鑽之韻,,精選裸鑽,diamond,0,false,false,有效,7500.0,
SRC-0019,57339629,,../dsdiamond_backup/site/www.dsdiamond.com.tw/collections/diamond.html,HTML,productImpressions,裸鑽｜祖母綠鑽,精選裸鑽 鑽之韻,,精選裸鑽,diamond,0,false,false,列表重複,7500.0,
SRC-0465,57339629,,../dsdiamond_backup/site/www.dsdiamond.com.tw/zh-TW/collections/diamond.html,系列頁,window.c12t,裸鑽｜祖母綠鑽,精選裸鑽 鑽之韻,,精選裸鑽,diamond,0,false,false,有效,7500.0,
SRC-0475,57339629,,../dsdiamond_backup/site/www.dsdiamond.com.tw/zh-TW/collections/diamond.html,系列頁,productImpressions,裸鑽｜祖母綠鑽,精選裸鑽 鑽之韻,,精選裸鑽,diamond,0,false,false,列表重複,7500.0,
SRC-0006,57339630,,../dsdiamond_backup/site/www.dsdiamond.com.tw/collections/diamond.html,HTML,window.c12t,裸鑽｜枕形鑽,精選裸鑽 鑽之韻,,精選裸鑽,diamond,0,false,false,有效,7500.0,
SRC-0016,57339630,,../dsdiamond_backup/site/www.dsdiamond.com.tw/collections/diamond.html,HTML,productImpressions,裸鑽｜枕形鑽,精選裸鑽 鑽之韻,,精選裸鑽,diamond,0,false,false,列表重複,7500.0,
SRC-0379,57339630,https://www.dsdiamond.com.tw/products/裸鑽-cushion,../dsdiamond_backup/site/www.dsdiamond.com.tw/index.html,HTML,products-json,裸鑽｜枕形鑽,鑽之韻 Diamond Symphony,心金不渝｜Golden Vow,,,1,true,false,有效,7500,裸鑽-cushion
SRC-0428,57339630,https://www.dsdiamond.com.tw/products/裸鑽-cushion,../dsdiamond_backup/site/www.dsdiamond.com.tw/zh-TW/account/logout.html,HTML,products-json,裸鑽｜枕形鑽,鑽之韻 Diamond Symphony,心金不渝｜Golden Vow,,,1,true,false,有效,7500,裸鑽-cushion
SRC-0457,57339630,https://www.dsdiamond.com.tw/products/裸鑽-cushion,../dsdiamond_backup/site/www.dsdiamond.com.tw/zh-TW/cart.html,HTML,products-json,裸鑽｜枕形鑽,鑽之韻 Diamond Symphony,心金不渝｜Golden Vow,,,1,true,false,有效,7500,裸鑽-cushion
SRC-0462,57339630,,../dsdiamond_backup/site/www.dsdiamond.com.tw/zh-TW/collections/diamond.html,系列頁,window.c12t,裸鑽｜枕形鑽,精選裸鑽 鑽之韻,,精選裸鑽,diamond,0,false,false,有效,7500.0,
SRC-0472,57339630,,../dsdiamond_backup/site/www.dsdiamond.com.tw/zh-TW/collections/diamond.html,系列頁,productImpressions,裸鑽｜枕形鑽,精選裸鑽 鑽之韻,,精選裸鑽,diamond,0,false,false,列表重複,7500.0,
SRC-0647,57339630,https://www.dsdiamond.com.tw/products/裸鑽-cushion,../dsdiamond_backup/site/www.dsdiamond.com.tw/zh-TW.html,首頁產品卡片,products-json,裸鑽｜枕形鑽,鑽之韻 Diamond Symphony,心金不渝｜Golden Vow,,,1,true,false,有效,7500,裸鑽-cushion
SRC-0010,57339631,,../dsdiamond_backup/site/www.dsdiamond.com.tw/collections/diamond.html,HTML,window.c12t,裸鑽｜阿斯切鑽,精選裸鑽 鑽之韻,,精選裸鑽,diamond,0,false,false,有效,7500.0,
SRC-0020,57339631,,../dsdiamond_backup/site/www.dsdiamond.com.tw/collections/diamond.html,HTML,productImpressions,裸鑽｜阿斯切鑽,精選裸鑽 鑽之韻,,精選裸鑽,diamond,0,false,false,列表重複,7500.0,
SRC-0466,57339631,,../dsdiamond_backup/site/www.dsdiamond.com.tw/zh-TW/collections/diamond.html,系列頁,window.c12t,裸鑽｜阿斯切鑽,精選裸鑽 鑽之韻,,精選裸鑽,diamond,0,false,false,有效,7500.0,
SRC-0476,57339631,,../dsdiamond_backup/site/www.dsdiamond.com.tw/zh-TW/collections/diamond.html,系列頁,productImpressions,裸鑽｜阿斯切鑽,精選裸鑽 鑽之韻,,精選裸鑽,diamond,0,false,false,列表重複,7500.0,
SRC-0024,57345211,,../dsdiamond_backup/site/www.dsdiamond.com.tw/collections/earring.html,HTML,window.c12t,星耀經典｜Stellar Studs,耳環 鑽之韻,,耳環,earring,0,false,false,有效,36800.0,
SRC-0031,57345211,,../dsdiamond_backup/site/www.dsdiamond.com.tw/collections/earring.html,HTML,productImpressions,星耀經典｜Stellar Studs,耳環 鑽之韻,,耳環,earring,0,false,false,列表重複,36800.0,
SRC-0027,57345212,,../dsdiamond_backup/site/www.dsdiamond.com.tw/collections/earring.html,HTML,window.c12t,極光之環｜Aurora Hoops,耳環 鑽之韻,,耳環,earring,0,false,false,有效,38000.0,
SRC-0034,57345212,,../dsdiamond_backup/site/www.dsdiamond.com.tw/collections/earring.html,HTML,productImpressions,極光之環｜Aurora Hoops,耳環 鑽之韻,,耳環,earring,0,false,false,列表重複,38000.0,
SRC-0111,57597640,,../dsdiamond_backup/site/www.dsdiamond.com.tw/collections/ring-man.html,HTML,window.c12t,尊耀之印｜Sovereign Seal,男士鑽戒 鑽之韻,,男士鑽戒,ring-man,0,false,false,有效,92000.0,
SRC-0121,57597640,,../dsdiamond_backup/site/www.dsdiamond.com.tw/collections/ring-man.html,HTML,productImpressions,尊耀之印｜Sovereign Seal,男士鑽戒 鑽之韻,,男士鑽戒,ring-man,0,false,false,列表重複,92000.0,
SRC-0274,57597640,,../dsdiamond_backup/site/www.dsdiamond.com.tw/collections/經典男戒.html,HTML,window.c12t,尊耀之印｜Sovereign Seal,經典男戒 鑽之韻,,經典男戒,經典男戒,0,false,false,有效,92000.0,
SRC-0284,57597640,,../dsdiamond_backup/site/www.dsdiamond.com.tw/collections/經典男戒.html,HTML,productImpressions,尊耀之印｜Sovereign Seal,經典男戒 鑽之韻,,經典男戒,經典男戒,0,false,false,列表重複,92000.0,
SRC-0365,57597640,https://www.dsdiamond.com.tw/products/男戒12-20250721114449,../dsdiamond_backup/site/www.dsdiamond.com.tw/index.html,HTML,products-json,尊耀之印｜Sovereign Seal,鑽之韻 Diamond Symphony,心金不渝｜Golden Vow,,,4,false,false,有效,92000,男戒12-20250721114449
SRC-0414,57597640,https://www.dsdiamond.com.tw/products/男戒12-20250721114449,../dsdiamond_backup/site/www.dsdiamond.com.tw/zh-TW/account/logout.html,HTML,products-json,尊耀之印｜Sovereign Seal,鑽之韻 Diamond Symphony,心金不渝｜Golden Vow,,,4,false,false,有效,92000,男戒12-20250721114449
SRC-0443,57597640,https://www.dsdiamond.com.tw/products/男戒12-20250721114449,../dsdiamond_backup/site/www.dsdiamond.com.tw/zh-TW/cart.html,HTML,products-json,尊耀之印｜Sovereign Seal,鑽之韻 Diamond Symphony,心金不渝｜Golden Vow,,,4,false,false,有效,92000,男戒12-20250721114449
SRC-0553,57597640,,../dsdiamond_backup/site/www.dsdiamond.com.tw/zh-TW/collections/ring-man.html,系列頁,window.c12t,尊耀之印｜Sovereign Seal,男士鑽戒 鑽之韻,,男士鑽戒,ring-man,0,false,false,有效,92000.0,
SRC-0563,57597640,,../dsdiamond_backup/site/www.dsdiamond.com.tw/zh-TW/collections/ring-man.html,系列頁,productImpressions,尊耀之印｜Sovereign Seal,男士鑽戒 鑽之韻,,男士鑽戒,ring-man,0,false,false,列表重複,92000.0,
SRC-0633,57597640,https://www.dsdiamond.com.tw/products/男戒12-20250721114449,../dsdiamond_backup/site/www.dsdiamond.com.tw/zh-TW.html,首頁產品卡片,products-json,尊耀之印｜Sovereign Seal,鑽之韻 Diamond Symphony,心金不渝｜Golden Vow,,,4,false,false,有效,92000,男戒12-20250721114449
SRC-0119,57902803,,../dsdiamond_backup/site/www.dsdiamond.com.tw/collections/ring-man.html,HTML,window.c12t,星曜領主｜Stellar Dominion,男士鑽戒 鑽之韻,,男士鑽戒,ring-man,0,false,false,有效,350000.0,
SRC-0129,57902803,,../dsdiamond_backup/site/www.dsdiamond.com.tw/collections/ring-man.html,HTML,productImpressions,星曜領主｜Stellar Dominion,男士鑽戒 鑽之韻,,男士鑽戒,ring-man,0,false,false,列表重複,350000.0,
SRC-0280,57902803,,../dsdiamond_backup/site/www.dsdiamond.com.tw/collections/經典男戒.html,HTML,window.c12t,星曜領主｜Stellar Dominion,經典男戒 鑽之韻,,經典男戒,經典男戒,0,false,false,有效,350000.0,
SRC-0290,57902803,,../dsdiamond_backup/site/www.dsdiamond.com.tw/collections/經典男戒.html,HTML,productImpressions,星曜領主｜Stellar Dominion,經典男戒 鑽之韻,,經典男戒,經典男戒,0,false,false,列表重複,350000.0,
SRC-0371,57902803,https://www.dsdiamond.com.tw/products/男戒12-20250726122514,../dsdiamond_backup/site/www.dsdiamond.com.tw/index.html,HTML,products-json,星曜領主｜Stellar Dominion,鑽之韻 Diamond Symphony,心金不渝｜Golden Vow,,,4,false,false,有效,350000,男戒12-20250726122514
SRC-0420,57902803,https://www.dsdiamond.com.tw/products/男戒12-20250726122514,../dsdiamond_backup/site/www.dsdiamond.com.tw/zh-TW/account/logout.html,HTML,products-json,星曜領主｜Stellar Dominion,鑽之韻 Diamond Symphony,心金不渝｜Golden Vow,,,4,false,false,有效,350000,男戒12-20250726122514
SRC-0449,57902803,https://www.dsdiamond.com.tw/products/男戒12-20250726122514,../dsdiamond_backup/site/www.dsdiamond.com.tw/zh-TW/cart.html,HTML,products-json,星曜領主｜Stellar Dominion,鑽之韻 Diamond Symphony,心金不渝｜Golden Vow,,,4,false,false,有效,350000,男戒12-20250726122514
SRC-0561,57902803,,../dsdiamond_backup/site/www.dsdiamond.com.tw/zh-TW/collections/ring-man.html,系列頁,window.c12t,星曜領主｜Stellar Dominion,男士鑽戒 鑽之韻,,男士鑽戒,ring-man,0,false,false,有效,350000.0,
SRC-0571,57902803,,../dsdiamond_backup/site/www.dsdiamond.com.tw/zh-TW/collections/ring-man.html,系列頁,productImpressions,星曜領主｜Stellar Dominion,男士鑽戒 鑽之韻,,男士鑽戒,ring-man,0,false,false,列表重複,350000.0,
SRC-0639,57902803,https://www.dsdiamond.com.tw/products/男戒12-20250726122514,../dsdiamond_backup/site/www.dsdiamond.com.tw/zh-TW.html,首頁產品卡片,products-json,星曜領主｜Stellar Dominion,鑽之韻 Diamond Symphony,心金不渝｜Golden Vow,,,4,false,false,有效,350000,男戒12-20250726122514
SRC-0039,58093836,,../dsdiamond_backup/site/www.dsdiamond.com.tw/collections/necklace.html,HTML,window.c12t,心悅之吻｜Blush Kiss,項鍊 鑽之韻,,項鍊,necklace,0,false,false,有效,45000.0,
SRC-0049,58093836,,../dsdiamond_backup/site/www.dsdiamond.com.tw/collections/necklace.html,HTML,productImpressions,心悅之吻｜Blush Kiss,項鍊 鑽之韻,,項鍊,necklace,0,false,false,列表重複,45000.0,
SRC-0147,58093836,,../dsdiamond_backup/site/www.dsdiamond.com.tw/collections/彩色鑽石專區.html,HTML,window.c12t,心悅之吻｜Blush Kiss,彩色鑽石專區 鑽之韻,,彩色鑽石專區,彩色鑽石專區,0,false,false,有效,45000.0,
SRC-0157,58093836,,../dsdiamond_backup/site/www.dsdiamond.com.tw/collections/彩色鑽石專區.html,HTML,productImpressions,心悅之吻｜Blush Kiss,彩色鑽石專區 鑽之韻,,彩色鑽石專區,彩色鑽石專區,0,false,false,列表重複,45000.0,
SRC-0214,58093836,,../dsdiamond_backup/site/www.dsdiamond.com.tw/collections/粉鑽.html,HTML,window.c12t,心悅之吻｜Blush Kiss,粉鑽 鑽之韻,,粉鑽,粉鑽,0,false,false,有效,45000.0,
SRC-0224,58093836,,../dsdiamond_backup/site/www.dsdiamond.com.tw/collections/粉鑽.html,HTML,productImpressions,心悅之吻｜Blush Kiss,粉鑽 鑽之韻,,粉鑽,粉鑽,0,false,false,列表重複,45000.0,
SRC-0481,58093836,,../dsdiamond_backup/site/www.dsdiamond.com.tw/zh-TW/collections/necklace.html,系列頁,window.c12t,心悅之吻｜Blush Kiss,項鍊 鑽之韻,,項鍊,necklace,0,false,false,有效,45000.0,
SRC-0491,58093836,,../dsdiamond_backup/site/www.dsdiamond.com.tw/zh-TW/collections/necklace.html,系列頁,productImpressions,心悅之吻｜Blush Kiss,項鍊 鑽之韻,,項鍊,necklace,0,false,false,列表重複,45000.0,
SRC-0131,58093837,,../dsdiamond_backup/site/www.dsdiamond.com.tw/collections/ring-man.html,HTML,productImpressions,極光軌跡｜Aurora Path,男士鑽戒 鑽之韻,,ring-man,ring-man,0,false,false,列表重複,95000,
SRC-0282,58093837,,../dsdiamond_backup/site/www.dsdiamond.com.tw/collections/經典男戒.html,HTML,window.c12t,極光軌跡｜Aurora Path,經典男戒 鑽之韻,,經典男戒,經典男戒,0,false,false,有效,95000.0,
SRC-0292,58093837,,../dsdiamond_backup/site/www.dsdiamond.com.tw/collections/經典男戒.html,HTML,productImpressions,極光軌跡｜Aurora Path,經典男戒 鑽之韻,,經典男戒,經典男戒,0,false,false,列表重複,95000.0,
SRC-0373,58093837,https://www.dsdiamond.com.tw/products/男戒13,../dsdiamond_backup/site/www.dsdiamond.com.tw/index.html,HTML,products-json,極光軌跡｜Aurora Path,鑽之韻 Diamond Symphony,心金不渝｜Golden Vow,,,4,true,false,有效,95000,男戒13
SRC-0422,58093837,https://www.dsdiamond.com.tw/products/男戒13,../dsdiamond_backup/site/www.dsdiamond.com.tw/zh-TW/account/logout.html,HTML,products-json,極光軌跡｜Aurora Path,鑽之韻 Diamond Symphony,心金不渝｜Golden Vow,,,4,true,false,有效,95000,男戒13
SRC-0451,58093837,https://www.dsdiamond.com.tw/products/男戒13,../dsdiamond_backup/site/www.dsdiamond.com.tw/zh-TW/cart.html,HTML,products-json,極光軌跡｜Aurora Path,鑽之韻 Diamond Symphony,心金不渝｜Golden Vow,,,4,true,false,有效,95000,男戒13
SRC-0573,58093837,,../dsdiamond_backup/site/www.dsdiamond.com.tw/zh-TW/collections/ring-man.html,系列頁,productImpressions,極光軌跡｜Aurora Path,男士鑽戒 鑽之韻,,ring-man,ring-man,0,false,false,列表重複,95000,
SRC-0641,58093837,https://www.dsdiamond.com.tw/products/男戒13,../dsdiamond_backup/site/www.dsdiamond.com.tw/zh-TW.html,首頁產品卡片,products-json,極光軌跡｜Aurora Path,鑽之韻 Diamond Symphony,心金不渝｜Golden Vow,,,4,true,false,有效,95000,男戒13
SRC-0133,58093838,,../dsdiamond_backup/site/www.dsdiamond.com.tw/collections/ring-man.html,HTML,productImpressions,權杖紋章｜Scepter Crest,男士鑽戒 鑽之韻,,ring-man,ring-man,0,false,false,列表重複,250000,
SRC-0294,58093838,,../dsdiamond_backup/site/www.dsdiamond.com.tw/collections/經典男戒.html,HTML,productImpressions,權杖紋章｜Scepter Crest,經典男戒 鑽之韻,,經典男戒,經典男戒,0,false,false,列表重複,250000,
SRC-0375,58093838,https://www.dsdiamond.com.tw/products/男戒14,../dsdiamond_backup/site/www.dsdiamond.com.tw/index.html,HTML,products-json,權杖紋章｜Scepter Crest,鑽之韻 Diamond Symphony,心金不渝｜Golden Vow,,,4,false,false,有效,250000,男戒14
SRC-0424,58093838,https://www.dsdiamond.com.tw/products/男戒14,../dsdiamond_backup/site/www.dsdiamond.com.tw/zh-TW/account/logout.html,HTML,products-json,權杖紋章｜Scepter Crest,鑽之韻 Diamond Symphony,心金不渝｜Golden Vow,,,4,false,false,有效,250000,男戒14
SRC-0453,58093838,https://www.dsdiamond.com.tw/products/男戒14,../dsdiamond_backup/site/www.dsdiamond.com.tw/zh-TW/cart.html,HTML,products-json,權杖紋章｜Scepter Crest,鑽之韻 Diamond Symphony,心金不渝｜Golden Vow,,,4,false,false,有效,250000,男戒14
SRC-0575,58093838,,../dsdiamond_backup/site/www.dsdiamond.com.tw/zh-TW/collections/ring-man.html,系列頁,productImpressions,權杖紋章｜Scepter Crest,男士鑽戒 鑽之韻,,ring-man,ring-man,0,false,false,列表重複,250000,
SRC-0643,58093838,https://www.dsdiamond.com.tw/products/男戒14,../dsdiamond_backup/site/www.dsdiamond.com.tw/zh-TW.html,首頁產品卡片,products-json,權杖紋章｜Scepter Crest,鑽之韻 Diamond Symphony,心金不渝｜Golden Vow,,,4,false,false,有效,250000,男戒14
SRC-0023,58259294,,../dsdiamond_backup/site/www.dsdiamond.com.tw/collections/earring.html,HTML,window.c12t,光璨雙影｜Luminous Duet,耳環 鑽之韻,,耳環,earring,0,false,false,有效,198900.0,
SRC-0030,58259294,,../dsdiamond_backup/site/www.dsdiamond.com.tw/collections/earring.html,HTML,productImpressions,光璨雙影｜Luminous Duet,耳環 鑽之韻,,耳環,earring,0,false,false,列表重複,198900.0,
SRC-0114,58323357,,../dsdiamond_backup/site/www.dsdiamond.com.tw/collections/ring-man.html,HTML,window.c12t,帝鑽榮耀｜Imperial Glory,男士鑽戒 鑽之韻,,男士鑽戒,ring-man,0,false,false,有效,250000.0,
SRC-0124,58323357,,../dsdiamond_backup/site/www.dsdiamond.com.tw/collections/ring-man.html,HTML,productImpressions,帝鑽榮耀｜Imperial Glory,男士鑽戒 鑽之韻,,男士鑽戒,ring-man,0,false,false,列表重複,250000.0,
SRC-0277,58323357,,../dsdiamond_backup/site/www.dsdiamond.com.tw/collections/經典男戒.html,HTML,window.c12t,帝鑽榮耀｜Imperial Glory,經典男戒 鑽之韻,,經典男戒,經典男戒,0,false,false,有效,250000.0,
SRC-0287,58323357,,../dsdiamond_backup/site/www.dsdiamond.com.tw/collections/經典男戒.html,HTML,productImpressions,帝鑽榮耀｜Imperial Glory,經典男戒 鑽之韻,,經典男戒,經典男戒,0,false,false,列表重複,250000.0,
SRC-0368,58323357,https://www.dsdiamond.com.tw/products/男戒15,../dsdiamond_backup/site/www.dsdiamond.com.tw/index.html,HTML,products-json,帝鑽榮耀｜Imperial Glory,鑽之韻 Diamond Symphony,心金不渝｜Golden Vow,,,4,false,false,有效,250000,男戒15
SRC-0417,58323357,https://www.dsdiamond.com.tw/products/男戒15,../dsdiamond_backup/site/www.dsdiamond.com.tw/zh-TW/account/logout.html,HTML,products-json,帝鑽榮耀｜Imperial Glory,鑽之韻 Diamond Symphony,心金不渝｜Golden Vow,,,4,false,false,有效,250000,男戒15
SRC-0446,58323357,https://www.dsdiamond.com.tw/products/男戒15,../dsdiamond_backup/site/www.dsdiamond.com.tw/zh-TW/cart.html,HTML,products-json,帝鑽榮耀｜Imperial Glory,鑽之韻 Diamond Symphony,心金不渝｜Golden Vow,,,4,false,false,有效,250000,男戒15
SRC-0556,58323357,,../dsdiamond_backup/site/www.dsdiamond.com.tw/zh-TW/collections/ring-man.html,系列頁,window.c12t,帝鑽榮耀｜Imperial Glory,男士鑽戒 鑽之韻,,男士鑽戒,ring-man,0,false,false,有效,250000.0,
SRC-0566,58323357,,../dsdiamond_backup/site/www.dsdiamond.com.tw/zh-TW/collections/ring-man.html,系列頁,productImpressions,帝鑽榮耀｜Imperial Glory,男士鑽戒 鑽之韻,,男士鑽戒,ring-man,0,false,false,列表重複,250000.0,
SRC-0636,58323357,https://www.dsdiamond.com.tw/products/男戒15,../dsdiamond_backup/site/www.dsdiamond.com.tw/zh-TW.html,首頁產品卡片,products-json,帝鑽榮耀｜Imperial Glory,鑽之韻 Diamond Symphony,心金不渝｜Golden Vow,,,4,false,false,有效,250000,男戒15
SRC-0151,58323363,,../dsdiamond_backup/site/www.dsdiamond.com.tw/collections/彩色鑽石專區.html,HTML,window.c12t,晨曜方華 Aurora Cushion Gleam,彩色鑽石專區 鑽之韻,,彩色鑽石專區,彩色鑽石專區,0,false,false,有效,73000.0,
SRC-0161,58323363,,../dsdiamond_backup/site/www.dsdiamond.com.tw/collections/彩色鑽石專區.html,HTML,productImpressions,晨曜方華 Aurora Cushion Gleam,彩色鑽石專區 鑽之韻,,彩色鑽石專區,彩色鑽石專區,0,false,false,列表重複,73000.0,
SRC-0335,58323363,,../dsdiamond_backup/site/www.dsdiamond.com.tw/collections/黃鑽.html,HTML,window.c12t,晨曜方華 Aurora Cushion Gleam,黃鑽 鑽之韻,,黃鑽,黃鑽,0,false,false,有效,73000.0,
SRC-0344,58323363,,../dsdiamond_backup/site/www.dsdiamond.com.tw/collections/黃鑽.html,HTML,productImpressions,晨曜方華 Aurora Cushion Gleam,黃鑽 鑽之韻,,黃鑽,黃鑽,0,false,false,列表重複,73000.0,
SRC-0085,58323371,,../dsdiamond_backup/site/www.dsdiamond.com.tw/collections/ring-female.html,HTML,window.c12t,藍曜花冕｜Azure Bloom Halo,女士鑽戒 鑽之韻,,女士鑽戒,ring-female,0,false,false,有效,88000.0,
SRC-0095,58323371,,../dsdiamond_backup/site/www.dsdiamond.com.tw/collections/ring-female.html,HTML,productImpressions,藍曜花冕｜Azure Bloom Halo,女士鑽戒 鑽之韻,,女士鑽戒,ring-female,0,false,false,列表重複,88000.0,
SRC-0144,58323371,,../dsdiamond_backup/site/www.dsdiamond.com.tw/collections/彩色鑽石專區.html,HTML,window.c12t,藍曜花冕｜Azure Bloom Halo,彩色鑽石專區 鑽之韻,,彩色鑽石專區,彩色鑽石專區,0,false,false,有效,88000.0,
SRC-0154,58323371,,../dsdiamond_backup/site/www.dsdiamond.com.tw/collections/彩色鑽石專區.html,HTML,productImpressions,藍曜花冕｜Azure Bloom Halo,彩色鑽石專區 鑽之韻,,彩色鑽石專區,彩色鑽石專區,0,false,false,列表重複,88000.0,
SRC-0248,58323371,,../dsdiamond_backup/site/www.dsdiamond.com.tw/collections/經典女戒.html,HTML,window.c12t,藍曜花冕｜Azure Bloom Halo,經典女戒 鑽之韻,,經典女戒,經典女戒,0,false,false,有效,88000.0,
SRC-0258,58323371,,../dsdiamond_backup/site/www.dsdiamond.com.tw/collections/經典女戒.html,HTML,productImpressions,藍曜花冕｜Azure Bloom Halo,經典女戒 鑽之韻,,經典女戒,經典女戒,0,false,false,列表重複,88000.0,
SRC-0300,58323371,,../dsdiamond_backup/site/www.dsdiamond.com.tw/collections/藍鑽.html,HTML,window.c12t,藍曜花冕｜Azure Bloom Halo,藍鑽 鑽之韻,,藍鑽,藍鑽,0,false,false,有效,88000.0,
SRC-0305,58323371,,../dsdiamond_backup/site/www.dsdiamond.com.tw/collections/藍鑽.html,HTML,productImpressions,藍曜花冕｜Azure Bloom Halo,藍鑽 鑽之韻,,藍鑽,藍鑽,0,false,false,列表重複,88000.0,
SRC-0361,58323371,https://www.dsdiamond.com.tw/products/azure-bloom-halo-colored-diamond,../dsdiamond_backup/site/www.dsdiamond.com.tw/index.html,HTML,products-json,藍曜花冕｜Azure Bloom Halo,鑽之韻 Diamond Symphony,心金不渝｜Golden Vow,,,4,false,false,有效,88000,azure-bloom-halo-colored-diamond
SRC-0410,58323371,https://www.dsdiamond.com.tw/products/azure-bloom-halo-colored-diamond,../dsdiamond_backup/site/www.dsdiamond.com.tw/zh-TW/account/logout.html,HTML,products-json,藍曜花冕｜Azure Bloom Halo,鑽之韻 Diamond Symphony,心金不渝｜Golden Vow,,,4,false,false,有效,88000,azure-bloom-halo-colored-diamond
SRC-0439,58323371,https://www.dsdiamond.com.tw/products/azure-bloom-halo-colored-diamond,../dsdiamond_backup/site/www.dsdiamond.com.tw/zh-TW/cart.html,HTML,products-json,藍曜花冕｜Azure Bloom Halo,鑽之韻 Diamond Symphony,心金不渝｜Golden Vow,,,4,false,false,有效,88000,azure-bloom-halo-colored-diamond
SRC-0527,58323371,,../dsdiamond_backup/site/www.dsdiamond.com.tw/zh-TW/collections/ring-female.html,系列頁,window.c12t,藍曜花冕｜Azure Bloom Halo,女士鑽戒 鑽之韻,,女士鑽戒,ring-female,0,false,false,有效,88000.0,
SRC-0537,58323371,,../dsdiamond_backup/site/www.dsdiamond.com.tw/zh-TW/collections/ring-female.html,系列頁,productImpressions,藍曜花冕｜Azure Bloom Halo,女士鑽戒 鑽之韻,,女士鑽戒,ring-female,0,false,false,列表重複,88000.0,
SRC-0629,58323371,https://www.dsdiamond.com.tw/products/azure-bloom-halo-colored-diamond,../dsdiamond_backup/site/www.dsdiamond.com.tw/zh-TW.html,首頁產品卡片,products-json,藍曜花冕｜Azure Bloom Halo,鑽之韻 Diamond Symphony,心金不渝｜Golden Vow,,,4,false,false,有效,88000,azure-bloom-halo-colored-diamond
SRC-0029,58378132,,../dsdiamond_backup/site/www.dsdiamond.com.tw/collections/earring.html,HTML,window.c12t,星環映粹｜Celestial Halo Radiance,耳環 鑽之韻,,耳環,earring,0,false,false,有效,58500.0,
SRC-0036,58378132,,../dsdiamond_backup/site/www.dsdiamond.com.tw/collections/earring.html,HTML,productImpressions,星環映粹｜Celestial Halo Radiance,耳環 鑽之韻,,耳環,earring,0,false,false,列表重複,58500.0,
SRC-0028,58378143,,../dsdiamond_backup/site/www.dsdiamond.com.tw/collections/earring.html,HTML,window.c12t,弧鑽序影｜Arc Diamond Sequence,耳環 鑽之韻,,耳環,earring,0,false,false,有效,36800.0,
SRC-0035,58378143,,../dsdiamond_backup/site/www.dsdiamond.com.tw/collections/earring.html,HTML,productImpressions,弧鑽序影｜Arc Diamond Sequence,耳環 鑽之韻,,耳環,earring,0,false,false,列表重複,36800.0,
SRC-0026,58378153,,../dsdiamond_backup/site/www.dsdiamond.com.tw/collections/earring.html,HTML,window.c12t,晨曦之舞｜Akatsuki Dance,耳環 鑽之韻,,耳環,earring,0,false,false,有效,48000.0,
SRC-0033,58378153,,../dsdiamond_backup/site/www.dsdiamond.com.tw/collections/earring.html,HTML,productImpressions,晨曦之舞｜Akatsuki Dance,耳環 鑽之韻,,耳環,earring,0,false,false,列表重複,48000.0,
SRC-0025,58378176,,../dsdiamond_backup/site/www.dsdiamond.com.tw/collections/earring.html,HTML,window.c12t,金緻花語｜Golden Bloom,耳環 鑽之韻,,耳環,earring,0,false,false,有效,35800.0,
SRC-0032,58378176,,../dsdiamond_backup/site/www.dsdiamond.com.tw/collections/earring.html,HTML,productImpressions,金緻花語｜Golden Bloom,耳環 鑽之韻,,耳環,earring,0,false,false,列表重複,35800.0,
SRC-0057,58401379,,../dsdiamond_backup/site/www.dsdiamond.com.tw/collections/necklace.html,HTML,productImpressions,璨淚光華｜Tear of Brilliance,項鍊 鑽之韻,,necklace,necklace,0,false,false,列表重複,39000,
SRC-0499,58401379,,../dsdiamond_backup/site/www.dsdiamond.com.tw/zh-TW/collections/necklace.html,系列頁,productImpressions,璨淚光華｜Tear of Brilliance,項鍊 鑽之韻,,necklace,necklace,0,false,false,列表重複,39000,
SRC-0037,58401408,,../dsdiamond_backup/site/www.dsdiamond.com.tw/collections/necklace.html,HTML,window.c12t,光華永恆｜Eternal Halo,項鍊 鑽之韻,,項鍊,necklace,0,false,false,有效,39000.0,
SRC-0047,58401408,,../dsdiamond_backup/site/www.dsdiamond.com.tw/collections/necklace.html,HTML,productImpressions,光華永恆｜Eternal Halo,項鍊 鑽之韻,,項鍊,necklace,0,false,false,列表重複,39000.0,
SRC-0479,58401408,,../dsdiamond_backup/site/www.dsdiamond.com.tw/zh-TW/collections/necklace.html,系列頁,window.c12t,光華永恆｜Eternal Halo,項鍊 鑽之韻,,項鍊,necklace,0,false,false,有效,39000.0,
SRC-0489,58401408,,../dsdiamond_backup/site/www.dsdiamond.com.tw/zh-TW/collections/necklace.html,系列頁,productImpressions,光華永恆｜Eternal Halo,項鍊 鑽之韻,,項鍊,necklace,0,false,false,列表重複,39000.0,
SRC-0042,58401506,,../dsdiamond_backup/site/www.dsdiamond.com.tw/collections/necklace.html,HTML,window.c12t,心鑽綻放｜Blooming Heart,項鍊 鑽之韻,,項鍊,necklace,0,false,false,有效,29800.0,
SRC-0052,58401506,,../dsdiamond_backup/site/www.dsdiamond.com.tw/collections/necklace.html,HTML,productImpressions,心鑽綻放｜Blooming Heart,項鍊 鑽之韻,,項鍊,necklace,0,false,false,列表重複,29800.0,
SRC-0484,58401506,,../dsdiamond_backup/site/www.dsdiamond.com.tw/zh-TW/collections/necklace.html,系列頁,window.c12t,心鑽綻放｜Blooming Heart,項鍊 鑽之韻,,項鍊,necklace,0,false,false,有效,29800.0,
SRC-0494,58401506,,../dsdiamond_backup/site/www.dsdiamond.com.tw/zh-TW/collections/necklace.html,系列頁,productImpressions,心鑽綻放｜Blooming Heart,項鍊 鑽之韻,,項鍊,necklace,0,false,false,列表重複,29800.0,
SRC-0060,58401518,,../dsdiamond_backup/site/www.dsdiamond.com.tw/collections/necklace.html,HTML,productImpressions,絢麗花語｜Blooming Grace,項鍊 鑽之韻,,necklace,necklace,0,false,false,列表重複,28500,
SRC-0502,58401518,,../dsdiamond_backup/site/www.dsdiamond.com.tw/zh-TW/collections/necklace.html,系列頁,productImpressions,絢麗花語｜Blooming Grace,項鍊 鑽之韻,,necklace,necklace,0,false,false,列表重複,28500,
SRC-0059,58401524,,../dsdiamond_backup/site/www.dsdiamond.com.tw/collections/necklace.html,HTML,productImpressions,金耀圓華｜Circle of Radiance,項鍊 鑽之韻,,necklace,necklace,0,false,false,列表重複,28500,
SRC-0501,58401524,,../dsdiamond_backup/site/www.dsdiamond.com.tw/zh-TW/collections/necklace.html,系列頁,productImpressions,金耀圓華｜Circle of Radiance,項鍊 鑽之韻,,necklace,necklace,0,false,false,列表重複,28500,
SRC-0153,58811243,,../dsdiamond_backup/site/www.dsdiamond.com.tw/collections/彩色鑽石專區.html,HTML,window.c12t,暖曜心語｜Amber Promise Glow,彩色鑽石專區 鑽之韻,,彩色鑽石專區,彩色鑽石專區,0,false,false,有效,78000.0,
SRC-0163,58811243,,../dsdiamond_backup/site/www.dsdiamond.com.tw/collections/彩色鑽石專區.html,HTML,productImpressions,暖曜心語｜Amber Promise Glow,彩色鑽石專區 鑽之韻,,彩色鑽石專區,彩色鑽石專區,0,false,false,列表重複,78000.0,
SRC-0204,58811243,,../dsdiamond_backup/site/www.dsdiamond.com.tw/collections/求婚.html,HTML,productImpressions,暖曜心語｜Amber Promise Glow,求婚戒指 鑽之韻,,求婚,求婚,0,false,false,列表重複,78000,
SRC-0336,58811243,,../dsdiamond_backup/site/www.dsdiamond.com.tw/collections/黃鑽.html,HTML,window.c12t,暖曜心語｜Amber Promise Glow,黃鑽 鑽之韻,,黃鑽,黃鑽,0,false,false,有效,78000.0,
SRC-0345,58811243,,../dsdiamond_backup/site/www.dsdiamond.com.tw/collections/黃鑽.html,HTML,productImpressions,暖曜心語｜Amber Promise Glow,黃鑽 鑽之韻,,黃鑽,黃鑽,0,false,false,列表重複,78000.0,
SRC-0612,58811243,,../dsdiamond_backup/site/www.dsdiamond.com.tw/zh-TW/collections/求婚.html,系列頁,productImpressions,暖曜心語｜Amber Promise Glow,求婚戒指 鑽之韻,,求婚,求婚,0,false,false,列表重複,78000,
SRC-0169,58811257,,../dsdiamond_backup/site/www.dsdiamond.com.tw/collections/彩色鑽石專區.html,HTML,productImpressions,曜域光序｜Radiant Domain Halo,彩色鑽石專區 鑽之韻,,彩色鑽石專區,彩色鑽石專區,0,false,false,列表重複,75000,
SRC-0209,58811257,,../dsdiamond_backup/site/www.dsdiamond.com.tw/collections/求婚.html,HTML,productImpressions,曜域光序｜Radiant Domain Halo,求婚戒指 鑽之韻,,求婚,求婚,0,false,false,列表重複,75000,
SRC-0339,58811257,,../dsdiamond_backup/site/www.dsdiamond.com.tw/collections/黃鑽.html,HTML,window.c12t,曜域光序｜Radiant Domain Halo,黃鑽 鑽之韻,,黃鑽,黃鑽,0,false,false,有效,75000.0,
SRC-0348,58811257,,../dsdiamond_backup/site/www.dsdiamond.com.tw/collections/黃鑽.html,HTML,productImpressions,曜域光序｜Radiant Domain Halo,黃鑽 鑽之韻,,黃鑽,黃鑽,0,false,false,列表重複,75000.0,
SRC-0617,58811257,,../dsdiamond_backup/site/www.dsdiamond.com.tw/zh-TW/collections/求婚.html,系列頁,productImpressions,曜域光序｜Radiant Domain Halo,求婚戒指 鑽之韻,,求婚,求婚,0,false,false,列表重複,75000,
SRC-0168,58811261,,../dsdiamond_backup/site/www.dsdiamond.com.tw/collections/彩色鑽石專區.html,HTML,productImpressions,金曜凝光｜Golden Halo Radiance,彩色鑽石專區 鑽之韻,,彩色鑽石專區,彩色鑽石專區,0,false,false,列表重複,75000,
SRC-0208,58811261,,../dsdiamond_backup/site/www.dsdiamond.com.tw/collections/求婚.html,HTML,productImpressions,金曜凝光｜Golden Halo Radiance,求婚戒指 鑽之韻,,求婚,求婚,0,false,false,列表重複,75000,
SRC-0338,58811261,,../dsdiamond_backup/site/www.dsdiamond.com.tw/collections/黃鑽.html,HTML,window.c12t,金曜凝光｜Golden Halo Radiance,黃鑽 鑽之韻,,黃鑽,黃鑽,0,false,false,有效,75000.0,
SRC-0347,58811261,,../dsdiamond_backup/site/www.dsdiamond.com.tw/collections/黃鑽.html,HTML,productImpressions,金曜凝光｜Golden Halo Radiance,黃鑽 鑽之韻,,黃鑽,黃鑽,0,false,false,列表重複,75000.0,
SRC-0616,58811261,,../dsdiamond_backup/site/www.dsdiamond.com.tw/zh-TW/collections/求婚.html,系列頁,productImpressions,金曜凝光｜Golden Halo Radiance,求婚戒指 鑽之韻,,求婚,求婚,0,false,false,列表重複,75000,
SRC-0176,58811271,,../dsdiamond_backup/site/www.dsdiamond.com.tw/collections/彩色鑽石專區.html,HTML,productImpressions,金耀華章｜Golden Sonata,彩色鑽石專區 鑽之韻,,彩色鑽石專區,彩色鑽石專區,0,false,false,列表重複,73000,
SRC-0341,58811271,,../dsdiamond_backup/site/www.dsdiamond.com.tw/collections/黃鑽.html,HTML,window.c12t,金耀華章｜Golden Sonata,黃鑽 鑽之韻,,黃鑽,黃鑽,0,false,false,有效,73000.0,
SRC-0350,58811271,,../dsdiamond_backup/site/www.dsdiamond.com.tw/collections/黃鑽.html,HTML,productImpressions,金耀華章｜Golden Sonata,黃鑽 鑽之韻,,黃鑽,黃鑽,0,false,false,列表重複,73000.0,
SRC-0150,58811279,,../dsdiamond_backup/site/www.dsdiamond.com.tw/collections/彩色鑽石專區.html,HTML,window.c12t,晨曦之光｜Morning Glow,彩色鑽石專區 鑽之韻,,彩色鑽石專區,彩色鑽石專區,0,false,false,有效,58000.0,
SRC-0160,58811279,,../dsdiamond_backup/site/www.dsdiamond.com.tw/collections/彩色鑽石專區.html,HTML,productImpressions,晨曦之光｜Morning Glow,彩色鑽石專區 鑽之韻,,彩色鑽石專區,彩色鑽石專區,0,false,false,列表重複,58000.0,
SRC-0201,58811279,,../dsdiamond_backup/site/www.dsdiamond.com.tw/collections/求婚.html,HTML,productImpressions,晨曦之光｜Morning Glow,求婚戒指 鑽之韻,,求婚,求婚,0,false,false,列表重複,58000,
SRC-0340,58811279,,../dsdiamond_backup/site/www.dsdiamond.com.tw/collections/黃鑽.html,HTML,window.c12t,晨曦之光｜Morning Glow,黃鑽 鑽之韻,,黃鑽,黃鑽,0,false,false,有效,58000.0,
SRC-0349,58811279,,../dsdiamond_backup/site/www.dsdiamond.com.tw/collections/黃鑽.html,HTML,productImpressions,晨曦之光｜Morning Glow,黃鑽 鑽之韻,,黃鑽,黃鑽,0,false,false,列表重複,58000.0,
SRC-0609,58811279,,../dsdiamond_backup/site/www.dsdiamond.com.tw/zh-TW/collections/求婚.html,系列頁,productImpressions,晨曦之光｜Morning Glow,求婚戒指 鑽之韻,,求婚,求婚,0,false,false,列表重複,58000,
SRC-0141,58811303,,../dsdiamond_backup/site/www.dsdiamond.com.tw/collections/ring-man.html,HTML,productImpressions,鎏光華紋｜Regal Radiance,男士鑽戒 鑽之韻,,ring-man,ring-man,0,false,false,列表重複,138000,
SRC-0299,58811303,,../dsdiamond_backup/site/www.dsdiamond.com.tw/collections/經典男戒.html,HTML,productImpressions,鎏光華紋｜Regal Radiance,經典男戒 鑽之韻,,經典男戒,經典男戒,0,false,false,列表重複,138000,
SRC-0583,58811303,,../dsdiamond_backup/site/www.dsdiamond.com.tw/zh-TW/collections/ring-man.html,系列頁,productImpressions,鎏光華紋｜Regal Radiance,男士鑽戒 鑽之韻,,ring-man,ring-man,0,false,false,列表重複,138000,
SRC-0149,59068294,,../dsdiamond_backup/site/www.dsdiamond.com.tw/collections/彩色鑽石專區.html,HTML,window.c12t,星瀾綻放｜Celestial Bloom,彩色鑽石專區 鑽之韻,,彩色鑽石專區,彩色鑽石專區,0,false,false,有效,250000.0,
SRC-0159,59068294,,../dsdiamond_backup/site/www.dsdiamond.com.tw/collections/彩色鑽石專區.html,HTML,productImpressions,星瀾綻放｜Celestial Bloom,彩色鑽石專區 鑽之韻,,彩色鑽石專區,彩色鑽石專區,0,false,false,列表重複,250000.0,
SRC-0301,59068294,,../dsdiamond_backup/site/www.dsdiamond.com.tw/collections/藍鑽.html,HTML,window.c12t,星瀾綻放｜Celestial Bloom,藍鑽 鑽之韻,,藍鑽,藍鑽,0,false,false,有效,250000.0,
SRC-0306,59068294,,../dsdiamond_backup/site/www.dsdiamond.com.tw/collections/藍鑽.html,HTML,productImpressions,星瀾綻放｜Celestial Bloom,藍鑽 鑽之韻,,藍鑽,藍鑽,0,false,false,列表重複,250000.0,
SRC-0175,59069317,,../dsdiamond_backup/site/www.dsdiamond.com.tw/collections/彩色鑽石專區.html,HTML,productImpressions,蝶映粉光｜Blush Butterfly Radiance,彩色鑽石專區 鑽之韻,,彩色鑽石專區,彩色鑽石專區,0,false,false,列表重複,48500,
SRC-0236,59069317,,../dsdiamond_backup/site/www.dsdiamond.com.tw/collections/粉鑽.html,HTML,productImpressions,蝶映粉光｜Blush Butterfly Radiance,粉鑽 鑽之韻,,粉鑽,粉鑽,0,false,false,列表重複,48500,
SRC-0172,59069346,,../dsdiamond_backup/site/www.dsdiamond.com.tw/collections/彩色鑽石專區.html,HTML,productImpressions,緋露晨光｜Rosé Dew Radiance,彩色鑽石專區 鑽之韻,,彩色鑽石專區,彩色鑽石專區,0,false,false,列表重複,48500,
SRC-0232,59069346,,../dsdiamond_backup/site/www.dsdiamond.com.tw/collections/粉鑽.html,HTML,productImpressions,緋露晨光｜Rosé Dew Radiance,粉鑽 鑽之韻,,粉鑽,粉鑽,0,false,false,列表重複,48500,
SRC-0173,59069391,,../dsdiamond_backup/site/www.dsdiamond.com.tw/collections/彩色鑽石專區.html,HTML,productImpressions,織夢華語｜ Woven Dream,彩色鑽石專區 鑽之韻,,彩色鑽石專區,彩色鑽石專區,0,false,false,列表重複,33500,
SRC-0233,59069391,,../dsdiamond_backup/site/www.dsdiamond.com.tw/collections/粉鑽.html,HTML,productImpressions,織夢華語｜ Woven Dream,粉鑽 鑽之韻,,粉鑽,粉鑽,0,false,false,列表重複,33500,
SRC-0203,61547518,,../dsdiamond_backup/site/www.dsdiamond.com.tw/collections/求婚.html,HTML,productImpressions,曖曖之心｜Tender Glow,求婚戒指 鑽之韻,,求婚,求婚,0,false,false,列表重複,37500,
SRC-0611,61547518,,../dsdiamond_backup/site/www.dsdiamond.com.tw/zh-TW/collections/求婚.html,系列頁,productImpressions,曖曖之心｜Tender Glow,求婚戒指 鑽之韻,,求婚,求婚,0,false,false,列表重複,37500,
SRC-0118,62305643,,../dsdiamond_backup/site/www.dsdiamond.com.tw/collections/ring-man.html,HTML,window.c12t,方域之璽｜Regal Frame,男士鑽戒 鑽之韻,,男士鑽戒,ring-man,0,false,false,有效,250000.0,
SRC-0128,62305643,,../dsdiamond_backup/site/www.dsdiamond.com.tw/collections/ring-man.html,HTML,productImpressions,方域之璽｜Regal Frame,男士鑽戒 鑽之韻,,男士鑽戒,ring-man,0,false,false,列表重複,250000.0,
SRC-0279,62305643,,../dsdiamond_backup/site/www.dsdiamond.com.tw/collections/經典男戒.html,HTML,window.c12t,方域之璽｜Regal Frame,經典男戒 鑽之韻,,經典男戒,經典男戒,0,false,false,有效,250000.0,
SRC-0289,62305643,,../dsdiamond_backup/site/www.dsdiamond.com.tw/collections/經典男戒.html,HTML,productImpressions,方域之璽｜Regal Frame,經典男戒 鑽之韻,,經典男戒,經典男戒,0,false,false,列表重複,250000.0,
SRC-0370,62305643,https://www.dsdiamond.com.tw/products/regalframe-dsdiamond,../dsdiamond_backup/site/www.dsdiamond.com.tw/index.html,HTML,products-json,方域之璽｜Regal Frame,鑽之韻 Diamond Symphony,心金不渝｜Golden Vow,,,4,false,false,有效,250000,regalframe-dsdiamond
SRC-0419,62305643,https://www.dsdiamond.com.tw/products/regalframe-dsdiamond,../dsdiamond_backup/site/www.dsdiamond.com.tw/zh-TW/account/logout.html,HTML,products-json,方域之璽｜Regal Frame,鑽之韻 Diamond Symphony,心金不渝｜Golden Vow,,,4,false,false,有效,250000,regalframe-dsdiamond
SRC-0448,62305643,https://www.dsdiamond.com.tw/products/regalframe-dsdiamond,../dsdiamond_backup/site/www.dsdiamond.com.tw/zh-TW/cart.html,HTML,products-json,方域之璽｜Regal Frame,鑽之韻 Diamond Symphony,心金不渝｜Golden Vow,,,4,false,false,有效,250000,regalframe-dsdiamond
SRC-0560,62305643,,../dsdiamond_backup/site/www.dsdiamond.com.tw/zh-TW/collections/ring-man.html,系列頁,window.c12t,方域之璽｜Regal Frame,男士鑽戒 鑽之韻,,男士鑽戒,ring-man,0,false,false,有效,250000.0,
SRC-0570,62305643,,../dsdiamond_backup/site/www.dsdiamond.com.tw/zh-TW/collections/ring-man.html,系列頁,productImpressions,方域之璽｜Regal Frame,男士鑽戒 鑽之韻,,男士鑽戒,ring-man,0,false,false,列表重複,250000.0,
SRC-0638,62305643,https://www.dsdiamond.com.tw/products/regalframe-dsdiamond,../dsdiamond_backup/site/www.dsdiamond.com.tw/zh-TW.html,首頁產品卡片,products-json,方域之璽｜Regal Frame,鑽之韻 Diamond Symphony,心金不渝｜Golden Vow,,,4,false,false,有效,250000,regalframe-dsdiamond
SRC-0083,62421341,,../dsdiamond_backup/site/www.dsdiamond.com.tw/collections/ring-female.html,HTML,window.c12t,光韻之矢｜Marquise Gleam,女士鑽戒 鑽之韻,,女士鑽戒,ring-female,0,false,false,有效,335000.0,
SRC-0093,62421341,,../dsdiamond_backup/site/www.dsdiamond.com.tw/collections/ring-female.html,HTML,productImpressions,光韻之矢｜Marquise Gleam,女士鑽戒 鑽之韻,,女士鑽戒,ring-female,0,false,false,列表重複,335000.0,
SRC-0246,62421341,,../dsdiamond_backup/site/www.dsdiamond.com.tw/collections/經典女戒.html,HTML,window.c12t,光韻之矢｜Marquise Gleam,經典女戒 鑽之韻,,經典女戒,經典女戒,0,false,false,有效,335000.0,
SRC-0256,62421341,,../dsdiamond_backup/site/www.dsdiamond.com.tw/collections/經典女戒.html,HTML,productImpressions,光韻之矢｜Marquise Gleam,經典女戒 鑽之韻,,經典女戒,經典女戒,0,false,false,列表重複,335000.0,
SRC-0359,62421341,https://www.dsdiamond.com.tw/products/marquise-gleam-dsdiamond,../dsdiamond_backup/site/www.dsdiamond.com.tw/index.html,HTML,products-json,光韻之矢｜Marquise Gleam,鑽之韻 Diamond Symphony,心金不渝｜Golden Vow,,,4,false,false,有效,335000,marquise-gleam-dsdiamond
SRC-0408,62421341,https://www.dsdiamond.com.tw/products/marquise-gleam-dsdiamond,../dsdiamond_backup/site/www.dsdiamond.com.tw/zh-TW/account/logout.html,HTML,products-json,光韻之矢｜Marquise Gleam,鑽之韻 Diamond Symphony,心金不渝｜Golden Vow,,,4,false,false,有效,335000,marquise-gleam-dsdiamond
SRC-0437,62421341,https://www.dsdiamond.com.tw/products/marquise-gleam-dsdiamond,../dsdiamond_backup/site/www.dsdiamond.com.tw/zh-TW/cart.html,HTML,products-json,光韻之矢｜Marquise Gleam,鑽之韻 Diamond Symphony,心金不渝｜Golden Vow,,,4,false,false,有效,335000,marquise-gleam-dsdiamond
SRC-0525,62421341,,../dsdiamond_backup/site/www.dsdiamond.com.tw/zh-TW/collections/ring-female.html,系列頁,window.c12t,光韻之矢｜Marquise Gleam,女士鑽戒 鑽之韻,,女士鑽戒,ring-female,0,false,false,有效,335000.0,
SRC-0535,62421341,,../dsdiamond_backup/site/www.dsdiamond.com.tw/zh-TW/collections/ring-female.html,系列頁,productImpressions,光韻之矢｜Marquise Gleam,女士鑽戒 鑽之韻,,女士鑽戒,ring-female,0,false,false,列表重複,335000.0,
SRC-0627,62421341,https://www.dsdiamond.com.tw/products/marquise-gleam-dsdiamond,../dsdiamond_backup/site/www.dsdiamond.com.tw/zh-TW.html,首頁產品卡片,products-json,光韻之矢｜Marquise Gleam,鑽之韻 Diamond Symphony,心金不渝｜Golden Vow,,,4,false,false,有效,335000,marquise-gleam-dsdiamond
SRC-0315,62421363,,../dsdiamond_backup/site/www.dsdiamond.com.tw/collections/轉運女戒.html,HTML,window.c12t,黃K金轉運戒(單排),轉運女戒 鑽之韻,,轉運女戒,轉運女戒,0,false,false,有效,48000.0,
SRC-0321,62421363,,../dsdiamond_backup/site/www.dsdiamond.com.tw/collections/轉運女戒.html,HTML,productImpressions,黃K金轉運戒(單排),轉運女戒 鑽之韻,,轉運女戒,轉運女戒,0,false,false,列表重複,48000.0,
SRC-0327,62421363,,../dsdiamond_backup/site/www.dsdiamond.com.tw/collections/轉運男戒.html,HTML,window.c12t,黃K金轉運戒(單排),轉運男戒 鑽之韻,,轉運男戒,轉運男戒,0,false,false,有效,48000.0,
SRC-0333,62421363,,../dsdiamond_backup/site/www.dsdiamond.com.tw/collections/轉運男戒.html,HTML,productImpressions,黃K金轉運戒(單排),轉運男戒 鑽之韻,,轉運男戒,轉運男戒,0,false,false,列表重複,48000.0,
SRC-0137,62710381,,../dsdiamond_backup/site/www.dsdiamond.com.tw/collections/ring-man.html,HTML,productImpressions,鉑金轉運戒 ( 單排 ),男士鑽戒 鑽之韻,,ring-man,ring-man,0,false,false,列表重複,45000,
SRC-0313,62710381,,../dsdiamond_backup/site/www.dsdiamond.com.tw/collections/轉運女戒.html,HTML,window.c12t,鉑金轉運戒 ( 單排 ),轉運女戒 鑽之韻,,轉運女戒,轉運女戒,0,false,false,有效,45000.0,
SRC-0319,62710381,,../dsdiamond_backup/site/www.dsdiamond.com.tw/collections/轉運女戒.html,HTML,productImpressions,鉑金轉運戒 ( 單排 ),轉運女戒 鑽之韻,,轉運女戒,轉運女戒,0,false,false,列表重複,45000.0,
SRC-0325,62710381,,../dsdiamond_backup/site/www.dsdiamond.com.tw/collections/轉運男戒.html,HTML,window.c12t,鉑金轉運戒 ( 單排 ),轉運男戒 鑽之韻,,轉運男戒,轉運男戒,0,false,false,有效,45000.0,
SRC-0331,62710381,,../dsdiamond_backup/site/www.dsdiamond.com.tw/collections/轉運男戒.html,HTML,productImpressions,鉑金轉運戒 ( 單排 ),轉運男戒 鑽之韻,,轉運男戒,轉運男戒,0,false,false,列表重複,45000.0,
SRC-0579,62710381,,../dsdiamond_backup/site/www.dsdiamond.com.tw/zh-TW/collections/ring-man.html,系列頁,productImpressions,鉑金轉運戒 ( 單排 ),男士鑽戒 鑽之韻,,ring-man,ring-man,0,false,false,列表重複,45000,
SRC-0143,62712669,,../dsdiamond_backup/site/www.dsdiamond.com.tw/collections/ring-man.html,HTML,productImpressions,黃K金轉運戒 ( 雙排 ),男士鑽戒 鑽之韻,,ring-man,ring-man,0,false,false,列表重複,61000,
SRC-0314,62712669,,../dsdiamond_backup/site/www.dsdiamond.com.tw/collections/轉運女戒.html,HTML,window.c12t,黃K金轉運戒 ( 雙排 ),轉運女戒 鑽之韻,,轉運女戒,轉運女戒,0,false,false,有效,61000.0,
SRC-0320,62712669,,../dsdiamond_backup/site/www.dsdiamond.com.tw/collections/轉運女戒.html,HTML,productImpressions,黃K金轉運戒 ( 雙排 ),轉運女戒 鑽之韻,,轉運女戒,轉運女戒,0,false,false,列表重複,61000.0,
SRC-0326,62712669,,../dsdiamond_backup/site/www.dsdiamond.com.tw/collections/轉運男戒.html,HTML,window.c12t,黃K金轉運戒 ( 雙排 ),轉運男戒 鑽之韻,,轉運男戒,轉運男戒,0,false,false,有效,61000.0,
SRC-0332,62712669,,../dsdiamond_backup/site/www.dsdiamond.com.tw/collections/轉運男戒.html,HTML,productImpressions,黃K金轉運戒 ( 雙排 ),轉運男戒 鑽之韻,,轉運男戒,轉運男戒,0,false,false,列表重複,61000.0,
SRC-0585,62712669,,../dsdiamond_backup/site/www.dsdiamond.com.tw/zh-TW/collections/ring-man.html,系列頁,productImpressions,黃K金轉運戒 ( 雙排 ),男士鑽戒 鑽之韻,,ring-man,ring-man,0,false,false,列表重複,61000,
SRC-0142,62712685,,../dsdiamond_backup/site/www.dsdiamond.com.tw/collections/ring-man.html,HTML,productImpressions,黃K金轉運戒 ( 三排 ),男士鑽戒 鑽之韻,,ring-man,ring-man,0,false,false,列表重複,74000,
SRC-0310,62712685,,../dsdiamond_backup/site/www.dsdiamond.com.tw/collections/轉運女戒.html,HTML,window.c12t,黃K金轉運戒 ( 三排 ),轉運女戒 鑽之韻,,轉運女戒,轉運女戒,0,false,false,有效,74000.0,
SRC-0316,62712685,,../dsdiamond_backup/site/www.dsdiamond.com.tw/collections/轉運女戒.html,HTML,productImpressions,黃K金轉運戒 ( 三排 ),轉運女戒 鑽之韻,,轉運女戒,轉運女戒,0,false,false,列表重複,74000.0,
SRC-0322,62712685,,../dsdiamond_backup/site/www.dsdiamond.com.tw/collections/轉運男戒.html,HTML,window.c12t,黃K金轉運戒 ( 三排 ),轉運男戒 鑽之韻,,轉運男戒,轉運男戒,0,false,false,有效,74000.0,
SRC-0328,62712685,,../dsdiamond_backup/site/www.dsdiamond.com.tw/collections/轉運男戒.html,HTML,productImpressions,黃K金轉運戒 ( 三排 ),轉運男戒 鑽之韻,,轉運男戒,轉運男戒,0,false,false,列表重複,74000.0,
SRC-0584,62712685,,../dsdiamond_backup/site/www.dsdiamond.com.tw/zh-TW/collections/ring-man.html,系列頁,productImpressions,黃K金轉運戒 ( 三排 ),男士鑽戒 鑽之韻,,ring-man,ring-man,0,false,false,列表重複,74000,
SRC-0076,62864985,,../dsdiamond_backup/site/www.dsdiamond.com.tw/collections/ring-female.html,HTML,window.c12t,三序映華｜Trinity Éclat,女士鑽戒 鑽之韻,,女士鑽戒,ring-female,0,false,false,有效,335000.0,
SRC-0086,62864985,,../dsdiamond_backup/site/www.dsdiamond.com.tw/collections/ring-female.html,HTML,productImpressions,三序映華｜Trinity Éclat,女士鑽戒 鑽之韻,,女士鑽戒,ring-female,0,false,false,列表重複,335000.0,
SRC-0239,62864985,,../dsdiamond_backup/site/www.dsdiamond.com.tw/collections/經典女戒.html,HTML,window.c12t,三序映華｜Trinity Éclat,經典女戒 鑽之韻,,經典女戒,經典女戒,0,false,false,有效,335000.0,
SRC-0249,62864985,,../dsdiamond_backup/site/www.dsdiamond.com.tw/collections/經典女戒.html,HTML,productImpressions,三序映華｜Trinity Éclat,經典女戒 鑽之韻,,經典女戒,經典女戒,0,false,false,列表重複,335000.0,
SRC-0352,62864985,https://www.dsdiamond.com.tw/products/trinity-eclat-dsdiamond,../dsdiamond_backup/site/www.dsdiamond.com.tw/index.html,HTML,products-json,三序映華｜Trinity Éclat,鑽之韻 Diamond Symphony,心金不渝｜Golden Vow,,,4,false,false,有效,335000,trinity-eclat-dsdiamond
SRC-0401,62864985,https://www.dsdiamond.com.tw/products/trinity-eclat-dsdiamond,../dsdiamond_backup/site/www.dsdiamond.com.tw/zh-TW/account/logout.html,HTML,products-json,三序映華｜Trinity Éclat,鑽之韻 Diamond Symphony,心金不渝｜Golden Vow,,,4,false,false,有效,335000,trinity-eclat-dsdiamond
SRC-0430,62864985,https://www.dsdiamond.com.tw/products/trinity-eclat-dsdiamond,../dsdiamond_backup/site/www.dsdiamond.com.tw/zh-TW/cart.html,HTML,products-json,三序映華｜Trinity Éclat,鑽之韻 Diamond Symphony,心金不渝｜Golden Vow,,,4,false,false,有效,335000,trinity-eclat-dsdiamond
SRC-0518,62864985,,../dsdiamond_backup/site/www.dsdiamond.com.tw/zh-TW/collections/ring-female.html,系列頁,window.c12t,三序映華｜Trinity Éclat,女士鑽戒 鑽之韻,,女士鑽戒,ring-female,0,false,false,有效,335000.0,
SRC-0528,62864985,,../dsdiamond_backup/site/www.dsdiamond.com.tw/zh-TW/collections/ring-female.html,系列頁,productImpressions,三序映華｜Trinity Éclat,女士鑽戒 鑽之韻,,女士鑽戒,ring-female,0,false,false,列表重複,335000.0,
SRC-0620,62864985,https://www.dsdiamond.com.tw/products/trinity-eclat-dsdiamond,../dsdiamond_backup/site/www.dsdiamond.com.tw/zh-TW.html,首頁產品卡片,products-json,三序映華｜Trinity Éclat,鑽之韻 Diamond Symphony,心金不渝｜Golden Vow,,,4,false,false,有效,335000,trinity-eclat-dsdiamond
SRC-0130,63611662,,../dsdiamond_backup/site/www.dsdiamond.com.tw/collections/ring-man.html,HTML,productImpressions,曜域方璨｜Monolith Brilliance,男士鑽戒 鑽之韻,,ring-man,ring-man,0,false,false,列表重複,250000,
SRC-0281,63611662,,../dsdiamond_backup/site/www.dsdiamond.com.tw/collections/經典男戒.html,HTML,window.c12t,曜域方璨｜Monolith Brilliance,經典男戒 鑽之韻,,經典男戒,經典男戒,0,false,false,有效,250000.0,
SRC-0291,63611662,,../dsdiamond_backup/site/www.dsdiamond.com.tw/collections/經典男戒.html,HTML,productImpressions,曜域方璨｜Monolith Brilliance,經典男戒 鑽之韻,,經典男戒,經典男戒,0,false,false,列表重複,250000.0,
SRC-0372,63611662,https://www.dsdiamond.com.tw/products/monolith-brilliance-dsdiamond,../dsdiamond_backup/site/www.dsdiamond.com.tw/index.html,HTML,products-json,曜域方璨｜Monolith Brilliance,鑽之韻 Diamond Symphony,心金不渝｜Golden Vow,,,4,false,false,有效,250000,monolith-brilliance-dsdiamond
SRC-0421,63611662,https://www.dsdiamond.com.tw/products/monolith-brilliance-dsdiamond,../dsdiamond_backup/site/www.dsdiamond.com.tw/zh-TW/account/logout.html,HTML,products-json,曜域方璨｜Monolith Brilliance,鑽之韻 Diamond Symphony,心金不渝｜Golden Vow,,,4,false,false,有效,250000,monolith-brilliance-dsdiamond
SRC-0450,63611662,https://www.dsdiamond.com.tw/products/monolith-brilliance-dsdiamond,../dsdiamond_backup/site/www.dsdiamond.com.tw/zh-TW/cart.html,HTML,products-json,曜域方璨｜Monolith Brilliance,鑽之韻 Diamond Symphony,心金不渝｜Golden Vow,,,4,false,false,有效,250000,monolith-brilliance-dsdiamond
SRC-0572,63611662,,../dsdiamond_backup/site/www.dsdiamond.com.tw/zh-TW/collections/ring-man.html,系列頁,productImpressions,曜域方璨｜Monolith Brilliance,男士鑽戒 鑽之韻,,ring-man,ring-man,0,false,false,列表重複,250000,
SRC-0640,63611662,https://www.dsdiamond.com.tw/products/monolith-brilliance-dsdiamond,../dsdiamond_backup/site/www.dsdiamond.com.tw/zh-TW.html,首頁產品卡片,products-json,曜域方璨｜Monolith Brilliance,鑽之韻 Diamond Symphony,心金不渝｜Golden Vow,,,4,false,false,有效,250000,monolith-brilliance-dsdiamond
SRC-0238,64733345,,../dsdiamond_backup/site/www.dsdiamond.com.tw/collections/粉鑽.html,HTML,productImpressions,靜謐之心｜Silent Pink Heart,粉鑽 鑽之韻,,粉鑽,粉鑽,0,false,false,列表重複,68000,
SRC-0235,64733624,,../dsdiamond_backup/site/www.dsdiamond.com.tw/collections/粉鑽.html,HTML,productImpressions,玫光心語｜Rosé Heart Whisper,粉鑽 鑽之韻,,粉鑽,粉鑽,0,false,false,列表重複,80000,
SRC-0237,64733998,,../dsdiamond_backup/site/www.dsdiamond.com.tw/collections/粉鑽.html,HTML,productImpressions,雙心守護｜Double Heart Embrace,粉鑽 鑽之韻,,粉鑽,粉鑽,0,false,false,列表重複,55000,
SRC-0097,64734372,,../dsdiamond_backup/site/www.dsdiamond.com.tw/collections/ring-female.html,HTML,productImpressions,初心之愛｜Pure Heart Promise,女士鑽戒 鑽之韻,,ring-female,ring-female,0,false,false,列表重複,47000,
SRC-0212,64734372,,../dsdiamond_backup/site/www.dsdiamond.com.tw/collections/粉鑽.html,HTML,window.c12t,初心之愛｜Pure Heart Promise,粉鑽 鑽之韻,,粉鑽,粉鑽,0,false,false,有效,47000.0,
SRC-0222,64734372,,../dsdiamond_backup/site/www.dsdiamond.com.tw/collections/粉鑽.html,HTML,productImpressions,初心之愛｜Pure Heart Promise,粉鑽 鑽之韻,,粉鑽,粉鑽,0,false,false,列表重複,47000.0,
SRC-0260,64734372,,../dsdiamond_backup/site/www.dsdiamond.com.tw/collections/經典女戒.html,HTML,productImpressions,初心之愛｜Pure Heart Promise,經典女戒 鑽之韻,,經典女戒,經典女戒,0,false,false,列表重複,47000,
SRC-0363,64734372,https://www.dsdiamond.com.tw/products/pure-heart-promise-dsdiamond,../dsdiamond_backup/site/www.dsdiamond.com.tw/index.html,HTML,products-json,初心之愛｜Pure Heart Promise,鑽之韻 Diamond Symphony,心金不渝｜Golden Vow,,,4,false,false,有效,47000,pure-heart-promise-dsdiamond
SRC-0412,64734372,https://www.dsdiamond.com.tw/products/pure-heart-promise-dsdiamond,../dsdiamond_backup/site/www.dsdiamond.com.tw/zh-TW/account/logout.html,HTML,products-json,初心之愛｜Pure Heart Promise,鑽之韻 Diamond Symphony,心金不渝｜Golden Vow,,,4,false,false,有效,47000,pure-heart-promise-dsdiamond
SRC-0441,64734372,https://www.dsdiamond.com.tw/products/pure-heart-promise-dsdiamond,../dsdiamond_backup/site/www.dsdiamond.com.tw/zh-TW/cart.html,HTML,products-json,初心之愛｜Pure Heart Promise,鑽之韻 Diamond Symphony,心金不渝｜Golden Vow,,,4,false,false,有效,47000,pure-heart-promise-dsdiamond
SRC-0539,64734372,,../dsdiamond_backup/site/www.dsdiamond.com.tw/zh-TW/collections/ring-female.html,系列頁,productImpressions,初心之愛｜Pure Heart Promise,女士鑽戒 鑽之韻,,ring-female,ring-female,0,false,false,列表重複,47000,
SRC-0631,64734372,https://www.dsdiamond.com.tw/products/pure-heart-promise-dsdiamond,../dsdiamond_backup/site/www.dsdiamond.com.tw/zh-TW.html,首頁產品卡片,products-json,初心之愛｜Pure Heart Promise,鑽之韻 Diamond Symphony,心金不渝｜Golden Vow,,,4,false,false,有效,47000,pure-heart-promise-dsdiamond
SRC-0234,64734657,,../dsdiamond_backup/site/www.dsdiamond.com.tw/collections/粉鑽.html,HTML,productImpressions,花冕之心｜Crowned Heart Grace,粉鑽 鑽之韻,,粉鑽,粉鑽,0,false,false,列表重複,75000,
SRC-0390,64734657,,../dsdiamond_backup/site/www.dsdiamond.com.tw/search.html,HTML,window.c12t,花冕之心｜Crowned Heart Grace,查詢 鑽之韻,,"女士鑽戒, 經典女戒, 粉鑽",default,0,false,false,有效,75000.0,
SRC-0400,64734657,,../dsdiamond_backup/site/www.dsdiamond.com.tw/search.html,HTML,productImpressions,花冕之心｜Crowned Heart Grace,查詢 鑽之韻,,"女士鑽戒, 經典女戒, 粉鑽",default,0,false,false,列表重複,75000.0,
SRC-0078,64735134,,../dsdiamond_backup/site/www.dsdiamond.com.tw/collections/ring-female.html,HTML,window.c12t,交會之光｜Union Light,女士鑽戒 鑽之韻,,女士鑽戒,ring-female,0,false,false,有效,28000.0,
SRC-0088,64735134,,../dsdiamond_backup/site/www.dsdiamond.com.tw/collections/ring-female.html,HTML,productImpressions,交會之光｜Union Light,女士鑽戒 鑽之韻,,女士鑽戒,ring-female,0,false,false,列表重複,28000.0,
SRC-0241,64735134,,../dsdiamond_backup/site/www.dsdiamond.com.tw/collections/經典女戒.html,HTML,window.c12t,交會之光｜Union Light,經典女戒 鑽之韻,,經典女戒,經典女戒,0,false,false,有效,28000.0,
SRC-0251,64735134,,../dsdiamond_backup/site/www.dsdiamond.com.tw/collections/經典女戒.html,HTML,productImpressions,交會之光｜Union Light,經典女戒 鑽之韻,,經典女戒,經典女戒,0,false,false,列表重複,28000.0,
SRC-0354,64735134,https://www.dsdiamond.com.tw/products/union-light-dsdiamond,../dsdiamond_backup/site/www.dsdiamond.com.tw/index.html,HTML,products-json,交會之光｜Union Light,鑽之韻 Diamond Symphony,心金不渝｜Golden Vow,,,4,false,false,有效,28000,union-light-dsdiamond
SRC-0389,64735134,,../dsdiamond_backup/site/www.dsdiamond.com.tw/search.html,HTML,window.c12t,交會之光｜Union Light,查詢 鑽之韻,,"女士鑽戒, 經典女戒",default,0,false,false,有效,28000.0,
SRC-0399,64735134,,../dsdiamond_backup/site/www.dsdiamond.com.tw/search.html,HTML,productImpressions,交會之光｜Union Light,查詢 鑽之韻,,"女士鑽戒, 經典女戒",default,0,false,false,列表重複,28000.0,
SRC-0403,64735134,https://www.dsdiamond.com.tw/products/union-light-dsdiamond,../dsdiamond_backup/site/www.dsdiamond.com.tw/zh-TW/account/logout.html,HTML,products-json,交會之光｜Union Light,鑽之韻 Diamond Symphony,心金不渝｜Golden Vow,,,4,false,false,有效,28000,union-light-dsdiamond
SRC-0432,64735134,https://www.dsdiamond.com.tw/products/union-light-dsdiamond,../dsdiamond_backup/site/www.dsdiamond.com.tw/zh-TW/cart.html,HTML,products-json,交會之光｜Union Light,鑽之韻 Diamond Symphony,心金不渝｜Golden Vow,,,4,false,false,有效,28000,union-light-dsdiamond
SRC-0520,64735134,,../dsdiamond_backup/site/www.dsdiamond.com.tw/zh-TW/collections/ring-female.html,系列頁,window.c12t,交會之光｜Union Light,女士鑽戒 鑽之韻,,女士鑽戒,ring-female,0,false,false,有效,28000.0,
SRC-0530,64735134,,../dsdiamond_backup/site/www.dsdiamond.com.tw/zh-TW/collections/ring-female.html,系列頁,productImpressions,交會之光｜Union Light,女士鑽戒 鑽之韻,,女士鑽戒,ring-female,0,false,false,列表重複,28000.0,
SRC-0622,64735134,https://www.dsdiamond.com.tw/products/union-light-dsdiamond,../dsdiamond_backup/site/www.dsdiamond.com.tw/zh-TW.html,首頁產品卡片,products-json,交會之光｜Union Light,鑽之韻 Diamond Symphony,心金不渝｜Golden Vow,,,4,false,false,有效,28000,union-light-dsdiamond
SRC-0388,64735696,,../dsdiamond_backup/site/www.dsdiamond.com.tw/search.html,HTML,window.c12t,離心誓約｜Fine Jewelry Ring,查詢 鑽之韻,,"女士鑽戒, 經典女戒",default,0,false,false,有效,98000.0,
SRC-0398,64735696,,../dsdiamond_backup/site/www.dsdiamond.com.tw/search.html,HTML,productImpressions,離心誓約｜Fine Jewelry Ring,查詢 鑽之韻,,"女士鑽戒, 經典女戒",default,0,false,false,列表重複,98000.0,
SRC-0099,64736389,,../dsdiamond_backup/site/www.dsdiamond.com.tw/collections/ring-female.html,HTML,productImpressions,冠芒相守｜Crowned Promise,女士鑽戒 鑽之韻,,ring-female,ring-female,0,false,false,列表重複,58000,
SRC-0262,64736389,,../dsdiamond_backup/site/www.dsdiamond.com.tw/collections/經典女戒.html,HTML,productImpressions,冠芒相守｜Crowned Promise,經典女戒 鑽之韻,,經典女戒,經典女戒,0,false,false,列表重複,58000,
SRC-0387,64736389,,../dsdiamond_backup/site/www.dsdiamond.com.tw/search.html,HTML,window.c12t,冠芒相守｜Crowned Promise,查詢 鑽之韻,,"女士鑽戒, 經典女戒",default,0,false,false,有效,58000.0,
SRC-0397,64736389,,../dsdiamond_backup/site/www.dsdiamond.com.tw/search.html,HTML,productImpressions,冠芒相守｜Crowned Promise,查詢 鑽之韻,,"女士鑽戒, 經典女戒",default,0,false,false,列表重複,58000.0,
SRC-0541,64736389,,../dsdiamond_backup/site/www.dsdiamond.com.tw/zh-TW/collections/ring-female.html,系列頁,productImpressions,冠芒相守｜Crowned Promise,女士鑽戒 鑽之韻,,ring-female,ring-female,0,false,false,列表重複,58000,
SRC-0102,64736681,,../dsdiamond_backup/site/www.dsdiamond.com.tw/collections/ring-female.html,HTML,productImpressions,弧界之心｜Arc Contour,女士鑽戒 鑽之韻,,ring-female,ring-female,0,false,false,列表重複,88000,
SRC-0265,64736681,,../dsdiamond_backup/site/www.dsdiamond.com.tw/collections/經典女戒.html,HTML,productImpressions,弧界之心｜Arc Contour,經典女戒 鑽之韻,,經典女戒,經典女戒,0,false,false,列表重複,88000,
SRC-0386,64736681,,../dsdiamond_backup/site/www.dsdiamond.com.tw/search.html,HTML,window.c12t,弧界之心｜Arc Contour,查詢 鑽之韻,,"女士鑽戒, 經典女戒",default,0,false,false,有效,88000.0,
SRC-0396,64736681,,../dsdiamond_backup/site/www.dsdiamond.com.tw/search.html,HTML,productImpressions,弧界之心｜Arc Contour,查詢 鑽之韻,,"女士鑽戒, 經典女戒",default,0,false,false,列表重複,88000.0,
SRC-0544,64736681,,../dsdiamond_backup/site/www.dsdiamond.com.tw/zh-TW/collections/ring-female.html,系列頁,productImpressions,弧界之心｜Arc Contour,女士鑽戒 鑽之韻,,ring-female,ring-female,0,false,false,列表重複,88000,
SRC-0385,64737354,,../dsdiamond_backup/site/www.dsdiamond.com.tw/search.html,HTML,window.c12t,花序微光｜Floral Constellation,查詢 鑽之韻,,"女士鑽戒, 經典女戒",default,0,false,false,有效,58000.0,
SRC-0395,64737354,,../dsdiamond_backup/site/www.dsdiamond.com.tw/search.html,HTML,productImpressions,花序微光｜Floral Constellation,查詢 鑽之韻,,"女士鑽戒, 經典女戒",default,0,false,false,列表重複,58000.0,
SRC-0110,64737697,,../dsdiamond_backup/site/www.dsdiamond.com.tw/collections/ring-man.html,HTML,window.c12t,定心之光｜Steady Heartlight,男士鑽戒 鑽之韻,,男士鑽戒,ring-man,0,false,false,有效,50000.0,
SRC-0120,64737697,,../dsdiamond_backup/site/www.dsdiamond.com.tw/collections/ring-man.html,HTML,productImpressions,定心之光｜Steady Heartlight,男士鑽戒 鑽之韻,,男士鑽戒,ring-man,0,false,false,列表重複,50000.0,
SRC-0273,64737697,,../dsdiamond_backup/site/www.dsdiamond.com.tw/collections/經典男戒.html,HTML,window.c12t,定心之光｜Steady Heartlight,經典男戒 鑽之韻,,經典男戒,經典男戒,0,false,false,有效,50000.0,
SRC-0283,64737697,,../dsdiamond_backup/site/www.dsdiamond.com.tw/collections/經典男戒.html,HTML,productImpressions,定心之光｜Steady Heartlight,經典男戒 鑽之韻,,經典男戒,經典男戒,0,false,false,列表重複,50000.0,
SRC-0364,64737697,https://www.dsdiamond.com.tw/products/steady-heartlight-dsdiamond,../dsdiamond_backup/site/www.dsdiamond.com.tw/index.html,HTML,products-json,定心之光｜Steady Heartlight,鑽之韻 Diamond Symphony,心金不渝｜Golden Vow,,,4,false,false,有效,50000,steady-heartlight-dsdiamond
SRC-0384,64737697,,../dsdiamond_backup/site/www.dsdiamond.com.tw/search.html,HTML,window.c12t,定心之光｜Steady Heartlight,查詢 鑽之韻,,"男士鑽戒, 經典男戒",default,0,false,false,有效,50000.0,
SRC-0394,64737697,,../dsdiamond_backup/site/www.dsdiamond.com.tw/search.html,HTML,productImpressions,定心之光｜Steady Heartlight,查詢 鑽之韻,,"男士鑽戒, 經典男戒",default,0,false,false,列表重複,50000.0,
SRC-0413,64737697,https://www.dsdiamond.com.tw/products/steady-heartlight-dsdiamond,../dsdiamond_backup/site/www.dsdiamond.com.tw/zh-TW/account/logout.html,HTML,products-json,定心之光｜Steady Heartlight,鑽之韻 Diamond Symphony,心金不渝｜Golden Vow,,,4,false,false,有效,50000,steady-heartlight-dsdiamond
SRC-0442,64737697,https://www.dsdiamond.com.tw/products/steady-heartlight-dsdiamond,../dsdiamond_backup/site/www.dsdiamond.com.tw/zh-TW/cart.html,HTML,products-json,定心之光｜Steady Heartlight,鑽之韻 Diamond Symphony,心金不渝｜Golden Vow,,,4,false,false,有效,50000,steady-heartlight-dsdiamond
SRC-0552,64737697,,../dsdiamond_backup/site/www.dsdiamond.com.tw/zh-TW/collections/ring-man.html,系列頁,window.c12t,定心之光｜Steady Heartlight,男士鑽戒 鑽之韻,,男士鑽戒,ring-man,0,false,false,有效,50000.0,
SRC-0562,64737697,,../dsdiamond_backup/site/www.dsdiamond.com.tw/zh-TW/collections/ring-man.html,系列頁,productImpressions,定心之光｜Steady Heartlight,男士鑽戒 鑽之韻,,男士鑽戒,ring-man,0,false,false,列表重複,50000.0,
SRC-0632,64737697,https://www.dsdiamond.com.tw/products/steady-heartlight-dsdiamond,../dsdiamond_backup/site/www.dsdiamond.com.tw/zh-TW.html,首頁產品卡片,products-json,定心之光｜Steady Heartlight,鑽之韻 Diamond Symphony,心金不渝｜Golden Vow,,,4,false,false,有效,50000,steady-heartlight-dsdiamond
SRC-0106,66872044,,../dsdiamond_backup/site/www.dsdiamond.com.tw/collections/ring-female.html,HTML,productImpressions,戀光之心｜Blush Halo Promise,女士鑽戒 鑽之韻,,ring-female,ring-female,0,false,false,列表重複,65000,
SRC-0216,66872044,,../dsdiamond_backup/site/www.dsdiamond.com.tw/collections/粉鑽.html,HTML,window.c12t,戀光之心｜Blush Halo Promise,粉鑽 鑽之韻,,粉鑽,粉鑽,0,false,false,有效,65000.0,
SRC-0226,66872044,,../dsdiamond_backup/site/www.dsdiamond.com.tw/collections/粉鑽.html,HTML,productImpressions,戀光之心｜Blush Halo Promise,粉鑽 鑽之韻,,粉鑽,粉鑽,0,false,false,列表重複,65000.0,
SRC-0269,66872044,,../dsdiamond_backup/site/www.dsdiamond.com.tw/collections/經典女戒.html,HTML,productImpressions,戀光之心｜Blush Halo Promise,經典女戒 鑽之韻,,經典女戒,經典女戒,0,false,false,列表重複,65000,
SRC-0383,66872044,,../dsdiamond_backup/site/www.dsdiamond.com.tw/search.html,HTML,window.c12t,戀光之心｜Blush Halo Promise,查詢 鑽之韻,,"女士鑽戒, 經典女戒, 粉鑽",default,0,false,false,有效,65000.0,
SRC-0393,66872044,,../dsdiamond_backup/site/www.dsdiamond.com.tw/search.html,HTML,productImpressions,戀光之心｜Blush Halo Promise,查詢 鑽之韻,,"女士鑽戒, 經典女戒, 粉鑽",default,0,false,false,列表重複,65000.0,
SRC-0548,66872044,,../dsdiamond_backup/site/www.dsdiamond.com.tw/zh-TW/collections/ring-female.html,系列頁,productImpressions,戀光之心｜Blush Halo Promise,女士鑽戒 鑽之韻,,ring-female,ring-female,0,false,false,列表重複,65000,
SRC-0068,66996587,,../dsdiamond_backup/site/www.dsdiamond.com.tw/collections/pair-ring.html,HTML,window.c12t,靜線之約｜Silent Line,結婚對戒 鑽之韻,,結婚對戒,pair-ring,0,false,false,有效,45000.0,
SRC-0075,66996587,,../dsdiamond_backup/site/www.dsdiamond.com.tw/collections/pair-ring.html,HTML,productImpressions,靜線之約｜Silent Line,結婚對戒 鑽之韻,,結婚對戒,pair-ring,0,false,false,列表重複,45000.0,
SRC-0382,66996587,,../dsdiamond_backup/site/www.dsdiamond.com.tw/search.html,HTML,window.c12t,靜線之約｜Silent Line,查詢 鑽之韻,,結婚對戒,default,0,false,false,有效,45000.0,
SRC-0392,66996587,,../dsdiamond_backup/site/www.dsdiamond.com.tw/search.html,HTML,productImpressions,靜線之約｜Silent Line,查詢 鑽之韻,,結婚對戒,default,0,false,false,列表重複,45000.0,
SRC-0510,66996587,,../dsdiamond_backup/site/www.dsdiamond.com.tw/zh-TW/collections/pair-ring.html,系列頁,window.c12t,靜線之約｜Silent Line,結婚對戒 鑽之韻,,結婚對戒,pair-ring,0,false,false,有效,45000.0,
SRC-0517,66996587,,../dsdiamond_backup/site/www.dsdiamond.com.tw/zh-TW/collections/pair-ring.html,系列頁,productImpressions,靜線之約｜Silent Line,結婚對戒 鑽之韻,,結婚對戒,pair-ring,0,false,false,列表重複,45000.0,
SRC-0221,67111534,,../dsdiamond_backup/site/www.dsdiamond.com.tw/collections/粉鑽.html,HTML,window.c12t,緋曜格序｜Rosé Architectural Halo,粉鑽 鑽之韻,,粉鑽,粉鑽,0,false,false,有效,220000.0,
SRC-0231,67111534,,../dsdiamond_backup/site/www.dsdiamond.com.tw/collections/粉鑽.html,HTML,productImpressions,緋曜格序｜Rosé Architectural Halo,粉鑽 鑽之韻,,粉鑽,粉鑽,0,false,false,列表重複,220000.0,
SRC-0381,67111534,,../dsdiamond_backup/site/www.dsdiamond.com.tw/search.html,HTML,window.c12t,緋曜格序｜Rosé Architectural Halo,查詢 鑽之韻,,"女士鑽戒, 求婚戒指, 經典女戒, 粉鑽",default,0,false,false,有效,220000.0,
SRC-0391,67111534,,../dsdiamond_backup/site/www.dsdiamond.com.tw/search.html,HTML,productImpressions,緋曜格序｜Rosé Architectural Halo,查詢 鑽之韻,,"女士鑽戒, 求婚戒指, 經典女戒, 粉鑽",default,0,false,false,列表重複,220000.0,
